seed,row_type,label,include_direct_intercell,epsilon_cert,tested_radius,alpha,user_index,strict_status,solver_status,lambda_value,raw_min_eig,normalized_min_eig,fast_feasible,fast_margin,dense_grid_margin,mc_seed,analytic_worst_sinr,violation_count,sample_count,violation_rate,sinr_min,sinr_p5,candidate_index,candidate_seed,configuration_id,rate,system_power,wee,spectral_wee,nominal_feasible,epsilon_est,time_index,gamma_design,power_slack,config_fingerprint,certificate_runtime,epsilon_lo,epsilon_hi,binding_user,binding_margin,fast_oracle_calls,strict_oracle_calls,strict_validation_passed,status,context_id,upper_endpoint_status,strict_validation_runtime,validation_history,note,attempt
60001,validation,tiny_fragile,True,0.0004899177551269531,0.00012247943878173828,0.25,"[0, 0]",STRICT_FEASIBLE,optimal,14277.980508140918,0.0007163902236281893,0.0007156740125021171,True,0.0007548061123262061,0.0007547895026033039,101002,1.000755561496255,0,50,0.0,1.0007613969197675,1.0008151840766641,,,,,,,,,,,,,,,,,,,,,,,,,,,,
60001,validation,tiny_fragile,True,0.0004899177551269531,0.00024495887756347657,0.5,"[0, 0]",STRICT_FEASIBLE,optimal,3219.97729820149,0.0004964498048459557,0.0004959534791535608,True,0.0005098922191285026,0.0005098841844186747,101002,1.0005104025246485,0,50,0.0,1.00052207205754,1.0006296428994235,,,,,,,,,,,,,,,,,,,,,,,,,,,,
60001,validation,tiny_fragile,True,0.0004899177551269531,0.0004409259796142578,0.9,"[0, 0]",STRICT_FEASIBLE,optimal,2110.766885471552,0.00011589906142331222,0.0001157831913366542,True,0.0001180924335317233,0.00011790792199096767,101002,1.0001182106375759,0,50,0.0,1.0001392120120767,1.0003328295283656,,,,,,,,,,,,,,,,,,,,,,,,,,,,
60001,validation,tiny_fragile,True,0.0004899177551269531,0.0004899177551269531,1.0,"[0, 0]",STRICT_FEASIBLE,optimal,2034.10996604997,2.0166953765859432e-05,2.014679185383182e-05,True,2.0154504315175758e-05,1.9893166909157117e-05,101002,1.0000201746787878,0,50,0.0,1.0000435084880375,1.0002586362841637,,,,,,,,,,,,,,,,,,,,,,,,,,,,
60001,validation,tiny_fragile,True,0.0004899177551269531,0.0005389095306396485,1.1,"[0, 0]",STRICT_INFEASIBLE,infeasible,,,,False,-7.777861520858094e-05,-7.812859784709855e-05,101002,0.9999221435251922,1,50,0.02,0.9999478095589288,1.0001844470793873,,,,,,,,,,,,,,,,,,,,,,,,,,,,
60001,candidate,,,0.02996063232421875,,,,,,,,,,,,,,,,,7.7999999999999945,,0,3137060839,47a082ce09bef43e60a9e07d698543ef2f35b9b821bbf4b07c1bdf95a27bc232,188250211.4249961,15.844885485798612,11880818.677655969,1.1880818677655969,True,0.0,0,6.0,1.3,e829ba08df53cf8e569aa1adda07aac825c6594d35bfe0ab18f403dba01a9119,3.4357586999994965,0.02996063232421875,0.029962158203125,"[1, 1]",1.690456422389078e-07,108,18,True,VALIDATED,68bb7bcf86c18f4b19834680821dd5c8082fce1d36f16d6d88fd4b84dd79c6adce112a431576b29e4026ee23d532a515a292398380b467ad2041a26e82956c37,NUMERICALLY_UNCERTAIN,2.7998678000039945,"[{""epsilon"": 0.0, ""status"": ""STRICT_FEASIBLE"", ""solver_status"": ""NOMINAL_DIRECT"", ""lambda_value"": null, ""raw_min_eig"": 0.005799999999999976, ""normalized_min_eig"": 0.0015518477843289606, ""user_index"": [0, 0], ""scale"": 3.737479963286459, ""raw_normalized_min_eig"": 0.0015518477843289606, ""reason"": ""singleton uncertainty set"", ""solver_name"": """"}, {""epsilon"": 0.0, ""status"": ""STRICT_FEASIBLE"", ""solver_status"": ""NOMINAL_DIRECT"", ""lambda_value"": null, ""raw_min_eig"": 0.005799999999999992, ""normalized_min_eig"": 0.006108509066853277, ""user_index"": [0, 1], ""scale"": 0.9494951937572862, ""raw_normalized_min_eig"": 0.006108509066853277, ""reason"": ""singleton uncertainty set"", ""solver_name"": """"}, {""epsilon"": 0.0, ""status"": ""STRICT_FEASIBLE"", ""solver_status"": ""NOMINAL_DIRECT"", ""lambda_value"": null, ""raw_min_eig"": 0.0058, ""normalized_min_eig"": 0.02675019057180621, ""user_index"": [0, 2], ""scale"": 0.21682088523559911, ""raw_normalized_min_eig"": 0.02675019057180621, ""reason"": ""singleton uncertainty set"", ""solver_name"": """"}, {""epsilon"": 0.0, ""status"": ""STRICT_FEASIBLE"", ""solver_status"": ""NOMINAL_DIRECT"", ""lambda_value"": null, ""raw_min_eig"": 0.0058, ""normalized_min_eig"": 0.031449455432175824, ""user_index"": [1, 0], ""scale"": 0.18442290717905535, ""raw_normalized_min_eig"": 0.031449455432175824, ""reason"": ""singleton uncertainty set"", ""solver_name"": """"}, {""epsilon"": 0.0, ""status"": ""STRICT_FEASIBLE"", ""solver_status"": ""NOMINAL_DIRECT"", ""lambda_value"": null, ""raw_min_eig"": 0.005799999999999974, ""normalized_min_eig"": 0.003192536371105245, ""user_index"": [1, 1], ""scale"": 1.8167373291324582, ""raw_normalized_min_eig"": 0.003192536371105245, ""reason"": ""singleton uncertainty set"", ""solver_name"": """"}, {""epsilon"": 0.0, ""status"": ""STRICT_FEASIBLE"", ""solver_status"": ""NOMINAL_DIRECT"", ""lambda_value"": null, ""raw_min_eig"": 0.005800000000000023, ""normalized_min_eig"": 0.009654223425714002, ""user_index"": [1, 2], ""scale"": 0.6007733345544641, ""raw_normalized_min_eig"": 0.009654223425714002, ""reason"": ""singleton uncertainty set"", ""solver_name"": """"}, {""epsilon"": 0.029962158203125, ""status"": ""STRICT_FEASIBLE"", ""solver_status"": ""optimal"", ""lambda_value"": 0.8639506743357859, ""raw_min_eig"": 0.0018908304293569782, ""normalized_min_eig"": 0.0005059548749559804, ""user_index"": [0, 0], ""scale"": 3.737479963286459, ""raw_normalized_min_eig"": 0.0005059105193688648, ""reason"": ""independent eigvalsh passed"", ""solver_name"": ""CLARABEL""}, {""epsilon"": 0.029962158203125, ""status"": ""STRICT_FEASIBLE"", ""solver_status"": ""optimal"", ""lambda_value"": 0.9639261769446972, ""raw_min_eig"": 0.004095687473864726, ""normalized_min_eig"": 0.00431406878437118, ""user_index"": [0, 1], ""scale"": 0.9494951937572862, ""raw_normalized_min_eig"": 0.0043135420808793285, ""reason"": ""independent eigvalsh passed"", ""solver_name"": ""CLARABEL""}, {""epsilon"": 0.029962158203125, ""status"": ""STRICT_FEASIBLE"", ""solver_status"": ""optimal"", ""lambda_value"": 0.9806050441239907, ""raw_min_eig"": 0.0050348923840030585, ""normalized_min_eig"": 0.023192361890214876, ""user_index"": [0, 2], ""scale"": 0.21682088523559911, ""raw_normalized_min_eig"": 0.02322143634148578, ""reason"": ""independent eigvalsh passed"", ""solver_name"": ""CLARABEL""}, {""epsilon"": 0.029962158203125, ""status"": ""STRICT_FEASIBLE"", ""solver_status"": ""optimal"", ""lambda_value"": 0.9823125340172765, ""raw_min_eig"": 0.004684812784564645, ""normalized_min_eig"": 0.02530982946405169, ""user_index"": [1, 0], ""scale"": 0.18442290717905535, ""raw_normalized_min_eig"": 0.025402553599354023, ""reason"": ""independent eigvalsh passed"", ""solver_name"": ""CLARABEL""}, {""epsilon"": 0.029962158203125, ""status"": ""NUMERICALLY_UNCERTAIN"", ""solver_status"": ""SOLVER_ERROR"", ""lambda_value"": null, ""raw_min_eig"": null, ""normalized_min_eig"": null, ""user_index"": [1, 1], ""scale"": 1.8167373291324582, ""raw_normalized_min_eig"": null, ""reason"": ""SolverError: Solver 'CLARABEL' failed. Try another solver, or solve with verbose=True for more information."", ""solver_name"": ""CLARABEL""}, {""epsilon"": 0.029962158203125, ""status"": ""STRICT_FEASIBLE"", ""solver_status"": ""optimal"", ""lambda_value"": 0.646276707439596, ""raw_min_eig"": 0.0011815132085279526, ""normalized_min_eig"": 0.0019730055147997583, ""user_index"": [1, 2], ""scale"": 0.6007733345544641, ""raw_normalized_min_eig"": 0.0019666538785450046, ""reason"": ""independent eigvalsh passed"", ""solver_name"": ""CLARABEL""}, {""epsilon"": 0.02996063232421875, ""status"": ""STRICT_FEASIBLE"", ""solver_status"": ""optimal"", ""lambda_value"": 0.8639648001403704, ""raw_min_eig"": 0.0018911590836065688, ""normalized_min_eig"": 0.0005060428157303224, ""user_index"": [0, 0], ""scale"": 3.737479963286459, ""raw_normalized_min_eig"": 0.0005059984540876644, ""reason"": ""independent eigvalsh passed"", ""solver_name"": ""CLARABEL""}, {""epsilon"": 0.02996063232421875, ""status"": ""STRICT_FEASIBLE"", ""solver_status"": ""optimal"", ""lambda_value"": 0.9639289205985246, ""raw_min_eig"": 0.0040957964356063544, ""normalized_min_eig"": 0.0043141835532106996, ""user_index"": [0, 1], ""scale"": 0.9494951937572862, ""raw_normalized_min_eig"": 0.004313656838428756, ""reason"": ""independent eigvalsh passed"", ""solver_name"": ""CLARABEL""}, {""epsilon"": 0.02996063232421875, ""status"": ""STRICT_FEASIBLE"", ""solver_status"": ""optimal"", ""lambda_value"": 0.9806055937908003, ""raw_min_eig"": 0.005034918162033938, ""normalized_min_eig"": 0.023192480660114766, ""user_index"": [0, 2], ""scale"": 0.21682088523559911, ""raw_normalized_min_eig"": 0.02322155523238898, ""reason"": ""independent eigvalsh passed"", ""solver_name"": ""CLARABEL""}, {""epsilon"": 0.02996063232421875, ""status"": ""STRICT_FEASIBLE"", ""solver_status"": ""optimal"", ""lambda_value"": 0.9823130090953612, ""raw_min_eig"": 0.004684835526493698, ""normalized_min_eig"": 0.02530995250364365, ""user_index"": [1, 0], ""scale"": 0.18442290717905535, ""raw_normalized_min_eig"": 0.025402676913368536, ""reason"": ""independent eigvalsh passed"", ""solver_name"": ""CLARABEL""}, {""epsilon"": 0.02996063232421875, ""status"": ""STRICT_FEASIBLE"", ""solver_status"": ""optimal"", ""lambda_value"": 0.8453608486502194, ""raw_min_eig"": 3.060639609367465e-07, ""normalized_min_eig"": 1.690456422389078e-07, ""user_index"": [1, 1], ""scale"": 1.8167373291324582, ""raw_normalized_min_eig"": 1.6846902192674184e-07, ""reason"": ""independent eigvalsh passed"", ""solver_name"": ""CLARABEL""}, {""epsilon"": 0.02996063232421875, ""status"": ""STRICT_FEASIBLE"", ""solver_status"": ""optimal"", ""lambda_value"": 0.646271508409134, ""raw_min_eig"": 0.0011816529693028863, ""normalized_min_eig"": 0.0019732390172685077, ""user_index"": [1, 2], ""scale"": 0.6007733345544641, ""raw_normalized_min_eig"": 0.001966886513329032, ""reason"": ""independent eigvalsh passed"", ""solver_name"": ""CLARABEL""}]",numerically validated conservative lower bound; inspect upper_endpoint_status before interpreting a bracket,
60001,candidate,,,0.04112548828125001,,,,,,,,,,,,,,,,,5.199999999999997,,1,3466792048,a64213d70ff358a826ece89f1e13c6e0a08805654d190d7ac50530a47dbb99cb,157936092.92997074,17.114267221180345,9228329.258205783,0.9228329258205783,True,0.0,0,4.0,1.3,e829ba08df53cf8e569aa1adda07aac825c6594d35bfe0ab18f403dba01a9119,3.6388329999990674,0.04112548828125001,0.04112854003906251,"[1, 1]",1.840205835993987e-07,102,18,True,VALIDATED,32ddb0ae5bb62ee20af409dda608594ab4857c663363e13e87f0995acbce08f4ce112a431576b29e4026ee23d532a515a292398380b467ad2041a26e82956c37,NUMERICALLY_UNCERTAIN,3.03323360000104,"[{""epsilon"": 0.0, ""status"": ""STRICT_FEASIBLE"", ""solver_status"": ""NOMINAL_DIRECT"", ""lambda_value"": null, ""raw_min_eig"": 0.003200000000000003, ""normalized_min_eig"": 0.00513964927499885, ""user_index"": [0, 0], ""scale"": 0.6226105768667881, ""raw_normalized_min_eig"": 0.00513964927499885, ""reason"": ""singleton uncertainty set"", ""solver_name"": """"}, {""epsilon"": 0.0, ""status"": ""STRICT_FEASIBLE"", ""solver_status"": ""NOMINAL_DIRECT"", ""lambda_value"": null, ""raw_min_eig"": 0.003200000000000005, ""normalized_min_eig"": 0.0020180711603827624, ""user_index"": [0, 1], ""scale"": 1.5856725287095768, ""raw_normalized_min_eig"": 0.0020180711603827624, ""reason"": ""singleton uncertainty set"", ""solver_name"": """"}, {""epsilon"": 0.0, ""status"": ""STRICT_FEASIBLE"", ""solver_status"": ""NOMINAL_DIRECT"", ""lambda_value"": null, ""raw_min_eig"": 0.0031999999999999945, ""normalized_min_eig"": 0.009925377171219708, ""user_index"": [0, 2], ""scale"": 0.32240588390725644, ""raw_normalized_min_eig"": 0.009925377171219708, ""reason"": ""singleton uncertainty set"", ""solver_name"": """"}, {""epsilon"": 0.0, ""status"": ""STRICT_FEASIBLE"", ""solver_status"": ""NOMINAL_DIRECT"", ""lambda_value"": null, ""raw_min_eig"": 0.0032000000000000015, ""normalized_min_eig"": 0.009034010145738196, ""user_index"": [1, 0], ""scale"": 0.35421700312231824, ""raw_normalized_min_eig"": 0.009034010145738196, ""reason"": ""singleton uncertainty set"", ""solver_name"": """"}, {""epsilon"": 0.0, ""status"": ""STRICT_FEASIBLE"", ""solver_status"": ""NOMINAL_DIRECT"", ""lambda_value"": null, ""raw_min_eig"": 0.0031999999999999963, ""normalized_min_eig"": 0.004929191231152088, ""user_index"": [1, 1], ""scale"": 0.6491937216345465, ""raw_normalized_min_eig"": 0.004929191231152088, ""reason"": ""singleton uncertainty set"", ""solver_name"": """"}, {""epsilon"": 0.0, ""status"": ""STRICT_FEASIBLE"", ""solver_status"": ""NOMINAL_DIRECT"", ""lambda_value"": null, ""raw_min_eig"": 0.0031999999999999997, ""normalized_min_eig"": 0.015046526290619883, ""user_index"": [1, 2], ""scale"": 0.2126736721946848, ""raw_normalized_min_eig"": 0.015046526290619883, ""reason"": ""singleton uncertainty set"", ""solver_name"": """"}, {""epsilon"": 0.04112854003906251, ""status"": ""STRICT_FEASIBLE"", ""solver_status"": ""optimal"", ""lambda_value"": 1.3181212857969142, ""raw_min_eig"": 0.001310475899606663, ""normalized_min_eig"": 0.0021039249974261556, ""user_index"": [0, 0], ""scale"": 0.6226105768667881, ""raw_normalized_min_eig"": 0.002104808283536514, ""reason"": ""independent eigvalsh passed"", ""solver_name"": ""CLARABEL""}, {""epsilon"": 0.04112854003906251, ""status"": ""STRICT_FEASIBLE"", ""solver_status"": ""optimal"", ""lambda_value"": 1.0890000488910365, ""raw_min_eig"": 0.0002407860357186986, ""normalized_min_eig"": 0.0001518630274854882, ""user_index"": [0, 1], ""scale"": 1.5856725287095768, ""raw_normalized_min_eig"": 0.00015185104828337458, ""reason"": ""independent eigvalsh passed"", ""solver_name"": ""CLARABEL""}, {""epsilon"": 0.04112854003906251, ""status"": ""STRICT_FEASIBLE"", ""solver_status"": ""optimal"", ""lambda_value"": 1.3924128453916969, ""raw_min_eig"": 0.0014620474868909013, ""normalized_min_eig"": 0.004528161485481637, ""user_index"": [0, 2], ""scale"": 0.32240588390725644, ""raw_normalized_min_eig"": 0.004534803984258163, ""reason"": ""independent eigvalsh passed"", ""solver_name"": ""CLARABEL""}, {""epsilon"": 0.04112854003906251, ""status"": ""STRICT_FEASIBLE"", ""solver_status"": ""optimal"", ""lambda_value"": 1.3251375785563222, ""raw_min_eig"": 0.0015033812392323403, ""normalized_min_eig"": 0.004235722694612691, ""user_index"": [1, 0], ""scale"": 0.35421700312231824, ""raw_normalized_min_eig"": 0.004244237927542943, ""reason"": ""independent eigvalsh passed"", ""solver_name"": ""CLARABEL""}, {""epsilon"": 0.04112854003906251, ""status"": ""NUMERICALLY_UNCERTAIN"", ""solver_status"": ""SOLVER_ERROR"", ""lambda_value"": null, ""raw_min_eig"": null, ""normalized_min_eig"": null, ""user_index"": [1, 1], ""scale"": 0.6491937216345465, ""raw_normalized_min_eig"": null, ""reason"": ""SolverError: Solver 'CLARABEL' failed. Try another solver, or solve with verbose=True for more information."", ""solver_name"": ""CLARABEL""}, {""epsilon"": 0.04112854003906251, ""status"": ""STRICT_FEASIBLE"", ""solver_status"": ""optimal"", ""lambda_value"": 1.2593667579292527, ""raw_min_eig"": 0.0013034909586113746, ""normalized_min_eig"": 0.006106050817492474, ""user_index"": [1, 2], ""scale"": 0.2126736721946848, ""raw_normalized_min_eig"": 0.006129065930728551, ""reason"": ""independent eigvalsh passed"", ""solver_name"": ""CLARABEL""}, {""epsilon"": 0.04112548828125001, ""status"": ""STRICT_FEASIBLE"", ""solver_status"": ""optimal"", ""lambda_value"": 1.318138302367796, ""raw_min_eig"": 0.0013106662886671486, ""normalized_min_eig"": 0.002104230695343358, ""user_index"": [0, 0], ""scale"": 0.6226105768667881, ""raw_normalized_min_eig"": 0.0021051140750979803, ""reason"": ""independent eigvalsh passed"", ""solver_name"": ""CLARABEL""}, {""epsilon"": 0.04112548828125001, ""status"": ""STRICT_FEASIBLE"", ""solver_status"": ""optimal"", ""lambda_value"": 1.0890624774292375, ""raw_min_eig"": 0.00024105499193505242, ""normalized_min_eig"": 0.00015203265447174283, ""user_index"": [0, 1], ""scale"": 1.5856725287095768, ""raw_normalized_min_eig"": 0.00015202066477825872, ""reason"": ""independent eigvalsh passed"", ""solver_name"": ""CLARABEL""}, {""epsilon"": 0.04112548828125001, ""status"": ""STRICT_FEASIBLE"", ""solver_status"": ""optimal"", ""lambda_value"": 1.392422414089459, ""raw_min_eig"": 0.0014621565082997337, ""normalized_min_eig"": 0.0045284992205192115, ""user_index"": [0, 2], ""scale"": 0.32240588390725644, ""raw_normalized_min_eig"": 0.004535142133821413, ""reason"": ""independent eigvalsh passed"", ""solver_name"": ""CLARABEL""}, {""epsilon"": 0.04112548828125001, ""status"": ""STRICT_FEASIBLE"", ""solver_status"": ""optimal"", ""lambda_value"": 1.3251424152747413, ""raw_min_eig"": 0.0015035160255539998, ""normalized_min_eig"": 0.004236102607502408, ""user_index"": [1, 0], ""scale"": 0.35421700312231824, ""raw_normalized_min_eig"": 0.004244618446604624, ""reason"": ""independent eigvalsh passed"", ""solver_name"": ""CLARABEL""}, {""epsilon"": 0.04112548828125001, ""status"": ""STRICT_FEASIBLE"", ""solver_status"": ""optimal"", ""lambda_value"": 1.2214623630829506, ""raw_min_eig"": 1.1949246074772304e-07, ""normalized_min_eig"": 1.840205835993987e-07, ""user_index"": [1, 1], ""scale"": 0.6491937216345465, ""raw_normalized_min_eig"": 1.8406287178326945e-07, ""reason"": ""independent eigvalsh passed"", ""solver_name"": ""CLARABEL""}, {""epsilon"": 0.04112548828125001, ""status"": ""STRICT_FEASIBLE"", ""solver_status"": ""optimal"", ""lambda_value"": 1.2593681120835776, ""raw_min_eig"": 0.0013035817153216856, ""normalized_min_eig"": 0.006106476024385164, ""user_index"": [1, 2], ""scale"": 0.2126736721946848, ""raw_normalized_min_eig"": 0.006129492672362222, ""reason"": ""independent eigvalsh passed"", ""solver_name"": ""CLARABEL""}]",numerically validated conservative lower bound; inspect upper_endpoint_status before interpreting a bracket,
60001,candidate,,,0.0519744873046875,,,,,,,,,,,,,,,,,6.599999999999999,,2,2452809221,8e7e514acdcceaf4315158017b9223f44ea1a6235d85b087ecd22caed333e967,175559965.1133734,16.384609284942755,10714931.437193973,1.0714931437193973,True,0.0,0,6.0,1.1,e829ba08df53cf8e569aa1adda07aac825c6594d35bfe0ab18f403dba01a9119,1.4157625999996526,0.0519744873046875,0.0519775390625,"[0, 0]",9.797676290658773e-08,102,18,True,VALIDATED,366fc241f2a4a36da40ec17eddea95bfd70de60013e03606e668ed1679de95bdce112a431576b29e4026ee23d532a515a292398380b467ad2041a26e82956c37,NUMERICALLY_UNCERTAIN,0.709270800001832,"[{""epsilon"": 0.0, ""status"": ""STRICT_FEASIBLE"", ""solver_status"": ""NOMINAL_DIRECT"", ""lambda_value"": null, ""raw_min_eig"": 0.004599999999999984, ""normalized_min_eig"": 0.002875703224316356, ""user_index"": [0, 0], ""scale"": 1.599608736083518, ""raw_normalized_min_eig"": 0.002875703224316356, ""reason"": ""singleton uncertainty set"", ""solver_name"": """"}, {""epsilon"": 0.0, ""status"": ""STRICT_FEASIBLE"", ""solver_status"": ""NOMINAL_DIRECT"", ""lambda_value"": null, ""raw_min_eig"": 0.004599999999999998, ""normalized_min_eig"": 0.004311462125332884, ""user_index"": [0, 1], ""scale"": 1.066923439492081, ""raw_normalized_min_eig"": 0.004311462125332884, ""reason"": ""singleton uncertainty set"", ""solver_name"": """"}, {""epsilon"": 0.0, ""status"": ""STRICT_FEASIBLE"", ""solver_status"": ""NOMINAL_DIRECT"", ""lambda_value"": null, ""raw_min_eig"": 0.0046, ""normalized_min_eig"": 0.004286877003875863, ""user_index"": [0, 2], ""scale"": 1.0730422160097048, ""raw_normalized_min_eig"": 0.004286877003875863, ""reason"": ""singleton uncertainty set"", ""solver_name"": """"}, {""epsilon"": 0.0, ""status"": ""STRICT_FEASIBLE"", ""solver_status"": ""NOMINAL_DIRECT"", ""lambda_value"": null, ""raw_min_eig"": 0.004600000000000001, ""normalized_min_eig"": 0.008585995207916123, ""user_index"": [1, 0], ""scale"": 0.5357561806881617, ""raw_normalized_min_eig"": 0.008585995207916123, ""reason"": ""singleton uncertainty set"", ""solver_name"": """"}, {""epsilon"": 0.0, ""status"": ""STRICT_FEASIBLE"", ""solver_status"": ""NOMINAL_DIRECT"", ""lambda_value"": null, ""raw_min_eig"": 0.0046, ""normalized_min_eig"": 0.013102711936822647, ""user_index"": [1, 1], ""scale"": 0.35107235984274265, ""raw_normalized_min_eig"": 0.013102711936822647, ""reason"": ""singleton uncertainty set"", ""solver_name"": """"}, {""epsilon"": 0.0, ""status"": ""STRICT_FEASIBLE"", ""solver_status"": ""NOMINAL_DIRECT"", ""lambda_value"": null, ""raw_min_eig"": 0.0045999999999999965, ""normalized_min_eig"": 0.026408773699425257, ""user_index"": [1, 2], ""scale"": 0.17418453625887625, ""raw_normalized_min_eig"": 0.026408773699425257, ""reason"": ""singleton uncertainty set"", ""solver_name"": """"}, {""user"": [0, 0], ""epsilon"": 0.0519775390625, ""warnings"": [""Solution may be inaccurate. Try another solver, adjusting the solver settings, or solve with verbose=True for more information.""]}, {""epsilon"": 0.0519775390625, ""status"": ""NUMERICALLY_UNCERTAIN"", ""solver_status"": ""optimal_inaccurate"", ""lambda_value"": 1.029615680104004, ""raw_min_eig"": null, ""normalized_min_eig"": null, ""user_index"": [0, 0], ""scale"": 1.599608736083518, ""raw_normalized_min_eig"": null, ""reason"": ""non-optimal or inaccurate solve"", ""solver_name"": ""CLARABEL""}, {""epsilon"": 0.0519775390625, ""status"": ""STRICT_FEASIBLE"", ""solver_status"": ""optimal"", ""lambda_value"": 1.157661905432155, ""raw_min_eig"": 0.0010853436044698794, ""normalized_min_eig"": 0.0010172731115296596, ""user_index"": [0, 1], ""scale"": 1.066923439492081, ""raw_normalized_min_eig"": 0.001017264748618296, ""reason"": ""independent eigvalsh passed"", ""solver_name"": ""CLARABEL""}, {""epsilon"": 0.0519775390625, ""status"": ""STRICT_FEASIBLE"", ""solver_status"": ""optimal"", ""lambda_value"": 1.15539238874981, ""raw_min_eig"": 0.0010203734034536847, ""normalized_min_eig"": 0.0009509273332318086, ""user_index"": [0, 2], ""scale"": 1.0730422160097048, ""raw_normalized_min_eig"": 0.0009509163649200325, ""reason"": ""independent eigvalsh passed"", ""solver_name"": ""CLARABEL""}, {""epsilon"": 0.0519775390625, ""status"": ""STRICT_FEASIBLE"", ""solver_status"": ""optimal"", ""lambda_value"": 1.2597043020156449, ""raw_min_eig"": 0.0019705272933623554, ""normalized_min_eig"": 0.0036738774021128607, ""user_index"": [1, 0], ""scale"": 0.5357561806881617, ""raw_normalized_min_eig"": 0.0036780299777993716, ""reason"": ""independent eigvalsh passed"", ""solver_name"": ""CLARABEL""}, {""epsilon"": 0.0519775390625, ""status"": ""STRICT_FEASIBLE"", ""solver_status"": ""optimal"", ""lambda_value"": 1.1049656852204814, ""raw_min_eig"": 0.0008345322363726651, ""normalized_min_eig"": 0.0023726786013385276, ""user_index"": [1, 1], ""scale"": 0.35107235984274265, ""raw_normalized_min_eig"": 0.00237709467286596, ""reason"": ""independent eigvalsh passed"", ""solver_name"": ""CLARABEL""}, {""epsilon"": 0.0519775390625, ""status"": ""STRICT_FEASIBLE"", ""solver_status"": ""optimal"", ""lambda_value"": 0.9865674435061422, ""raw_min_eig"": 0.0008875191035940268, ""normalized_min_eig"": 0.00508310377874723, ""user_index"": [1, 2], ""scale"": 0.17418453625887625, ""raw_normalized_min_eig"": 0.005095280687115529, ""reason"": ""independent eigvalsh passed"", ""solver_name"": ""CLARABEL""}, {""epsilon"": 0.0519744873046875, ""status"": ""STRICT_FEASIBLE"", ""solver_status"": ""optimal"", ""lambda_value"": 1.0273923410337804, ""raw_min_eig"": 1.567092743046109e-07, ""normalized_min_eig"": 9.797676290658773e-08, ""user_index"": [0, 0], ""scale"": 1.599608736083518, ""raw_normalized_min_eig"": 9.796725334740161e-08, ""reason"": ""independent eigvalsh passed"", ""solver_name"": ""CLARABEL""}, {""epsilon"": 0.0519744873046875, ""status"": ""STRICT_FEASIBLE"", ""solver_status"": ""optimal"", ""lambda_value"": 1.157688280447652, ""raw_min_eig"": 0.0010856567844217402, ""normalized_min_eig"": 0.0010175666491234363, ""user_index"": [0, 1], ""scale"": 1.066923439492081, ""raw_normalized_min_eig"": 0.0010175582841619613, ""reason"": ""independent eigvalsh passed"", ""solver_name"": ""CLARABEL""}, {""epsilon"": 0.0519744873046875, ""status"": ""STRICT_FEASIBLE"", ""solver_status"": ""optimal"", ""lambda_value"": 1.1554197747712742, ""raw_min_eig"": 0.0010206863000665242, ""normalized_min_eig"": 0.0009512189337639715, ""user_index"": [0, 2], ""scale"": 1.0730422160097048, ""raw_normalized_min_eig"": 0.0009512079625926786, ""reason"": ""independent eigvalsh passed"", ""solver_name"": ""CLARABEL""}, {""epsilon"": 0.0519744873046875, ""status"": ""STRICT_FEASIBLE"", ""solver_status"": ""optimal"", ""lambda_value"": 1.2597132236378579, ""raw_min_eig"": 0.00197074452040255, ""normalized_min_eig"": 0.0036742826054729674, ""user_index"": [1, 0], ""scale"": 0.5357561806881617, ""raw_normalized_min_eig"": 0.003678435436565924, ""reason"": ""independent eigvalsh passed"", ""solver_name"": ""CLARABEL""}, {""epsilon"": 0.0519744873046875, ""status"": ""STRICT_FEASIBLE"", ""solver_status"": ""optimal"", ""lambda_value"": 1.1049633559895904, ""raw_min_eig"": 0.0008347427745443411, ""normalized_min_eig"": 0.002373277149134448, ""user_index"": [1, 1], ""scale"": 0.35107235984274265, ""raw_normalized_min_eig"": 0.0023776943730866506, ""reason"": ""independent eigvalsh passed"", ""solver_name"": ""CLARABEL""}, {""epsilon"": 0.0519744873046875, ""status"": ""STRICT_FEASIBLE"", ""solver_status"": ""optimal"", ""lambda_value"": 0.9865546946299731, ""raw_min_eig"": 0.0008876678304326925, ""normalized_min_eig"": 0.0050839551941794054, ""user_index"": [1, 2], ""scale"": 0.17418453625887625, ""raw_normalized_min_eig"": 0.005096134533512345, ""reason"": ""independent eigvalsh passed"", ""solver_name"": ""CLARABEL""}]",numerically validated conservative lower bound; inspect upper_endpoint_status before interpreting a bracket,
60001,candidate,,,0.039250244140625015,,,,,,,,,,,,,,,,,4.499999999999999,,3,3142761576,31ac41ec52124c12e3308257ac8c9998f538a3e407ae8b6f2ce6cb9bab1c200e,147565897.11823782,16.18016978076829,9120169.881878143,0.9120169881878143,True,0.0,0,2.5,1.8,e829ba08df53cf8e569aa1adda07aac825c6594d35bfe0ab18f403dba01a9119,3.9407817000010255,0.039250244140625015,0.040054321289062514,"[1, 0]",9.062464551715379e-05,102,24,True,VALIDATED,610f649eb643112ce029a22b44061030a30e44d610a727729e48cd99a3b24244ce112a431576b29e4026ee23d532a515a292398380b467ad2041a26e82956c37,NUMERICALLY_UNCERTAIN,3.251249299995834,"[{""epsilon"": 0.0, ""status"": ""STRICT_FEASIBLE"", ""solver_status"": ""NOMINAL_DIRECT"", ""lambda_value"": null, ""raw_min_eig"": 0.0025000000000000005, ""normalized_min_eig"": 0.004221084071792222, ""user_index"": [0, 0], ""scale"": 0.5922649152397786, ""raw_normalized_min_eig"": 0.004221084071792222, ""reason"": ""singleton uncertainty set"", ""solver_name"": """"}, {""epsilon"": 0.0, ""status"": ""STRICT_FEASIBLE"", ""solver_status"": ""NOMINAL_DIRECT"", ""lambda_value"": null, ""raw_min_eig"": 0.0024999999999999944, ""normalized_min_eig"": 0.0033693805587319595, ""user_index"": [0, 1], ""scale"": 0.7419761455918326, ""raw_normalized_min_eig"": 0.0033693805587319595, ""reason"": ""singleton uncertainty set"", ""solver_name"": """"}, {""epsilon"": 0.0, ""status"": ""STRICT_FEASIBLE"", ""solver_status"": ""NOMINAL_DIRECT"", ""lambda_value"": null, ""raw_min_eig"": 0.002499999999999998, ""normalized_min_eig"": 0.005155684840704389, ""user_index"": [0, 2], ""scale"": 0.484901633292705, ""raw_normalized_min_eig"": 0.005155684840704389, ""reason"": ""singleton uncertainty set"", ""solver_name"": """"}, {""epsilon"": 0.0, ""status"": ""STRICT_FEASIBLE"", ""solver_status"": ""NOMINAL_DIRECT"", ""lambda_value"": null, ""raw_min_eig"": 0.0024999999999999953, ""normalized_min_eig"": 0.0033253603014887214, ""user_index"": [1, 0], ""scale"": 0.751798233376629, ""raw_normalized_min_eig"": 0.0033253603014887214, ""reason"": ""singleton uncertainty set"", ""solver_name"": """"}, {""epsilon"": 0.0, ""status"": ""STRICT_FEASIBLE"", ""solver_status"": ""NOMINAL_DIRECT"", ""lambda_value"": null, ""raw_min_eig"": 0.0024999999999999988, ""normalized_min_eig"": 0.016366190612686137, ""user_index"": [1, 1], ""scale"": 0.15275393395834835, ""raw_normalized_min_eig"": 0.016366190612686137, ""reason"": ""singleton uncertainty set"", ""solver_name"": """"}, {""epsilon"": 0.0, ""status"": ""STRICT_FEASIBLE"", ""solver_status"": ""NOMINAL_DIRECT"", ""lambda_value"": null, ""raw_min_eig"": 0.0024999999999999988, ""normalized_min_eig"": 0.015733146043644494, ""user_index"": [1, 2], ""scale"": 0.15890019663358365, ""raw_normalized_min_eig"": 0.015733146043644494, ""reason"": ""singleton uncertainty set"", ""solver_name"": """"}, {""epsilon"": 0.040054321289062514, ""status"": ""STRICT_FEASIBLE"", ""solver_status"": ""optimal"", ""lambda_value"": 0.9282135478620948, ""raw_min_eig"": 0.0010737154570898766, ""normalized_min_eig"": 0.001812717743558236, ""user_index"": [0, 0], ""scale"": 0.5922649152397786, ""raw_normalized_min_eig"": 0.0018128972854236731, ""reason"": ""independent eigvalsh passed"", ""solver_name"": ""CLARABEL""}, {""epsilon"": 0.040054321289062514, ""status"": ""STRICT_FEASIBLE"", ""solver_status"": ""optimal"", ""lambda_value"": 0.9049085382222848, ""raw_min_eig"": 0.0006642984811795483, ""normalized_min_eig"": 0.0008952952886255305, ""user_index"": [0, 1], ""scale"": 0.7419761455918326, ""raw_normalized_min_eig"": 0.0008953097550726173, ""reason"": ""independent eigvalsh passed"", ""solver_name"": ""CLARABEL""}, {""epsilon"": 0.040054321289062514, ""status"": ""STRICT_FEASIBLE"", ""solver_status"": ""optimal"", ""lambda_value"": 0.9479365006525082, ""raw_min_eig"": 0.0011692366832932732, ""normalized_min_eig"": 0.0024107008432467927, ""user_index"": [0, 2], ""scale"": 0.484901633292705, ""raw_normalized_min_eig"": 0.002411286337300245, ""reason"": ""independent eigvalsh passed"", ""solver_name"": ""CLARABEL""}, {""epsilon"": 0.040054321289062514, ""status"": ""NUMERICALLY_UNCERTAIN"", ""solver_status"": ""SOLVER_ERROR"", ""lambda_value"": null, ""raw_min_eig"": null, ""normalized_min_eig"": null, ""user_index"": [1, 0], ""scale"": 0.751798233376629, ""raw_normalized_min_eig"": null, ""reason"": ""PanicException: Eigval error: Eigen(1)"", ""solver_name"": ""CLARABEL""}, {""epsilon"": 0.040054321289062514, ""status"": ""STRICT_FEASIBLE"", ""solver_status"": ""optimal"", ""lambda_value"": 0.8780447614050292, ""raw_min_eig"": 0.0006324580417346925, ""normalized_min_eig"": 0.0041307334114312755, ""user_index"": [1, 1], ""scale"": 0.15275393395834835, ""raw_normalized_min_eig"": 0.004140371546222475, ""reason"": ""independent eigvalsh passed"", ""solver_name"": ""CLARABEL""}, {""epsilon"": 0.040054321289062514, ""status"": ""STRICT_FEASIBLE"", ""solver_status"": ""optimal"", ""lambda_value"": 0.9157866867895529, ""raw_min_eig"": 0.0009020455777401113, ""normalized_min_eig"": 0.005655559543845217, ""user_index"": [1, 2], ""scale"": 0.15890019663358365, ""raw_normalized_min_eig"": 0.00567680592504354, ""reason"": ""independent eigvalsh passed"", ""solver_name"": ""CLARABEL""}, {""epsilon"": 0.04005126953125002, ""status"": ""STRICT_FEASIBLE"", ""solver_status"": ""optimal"", ""lambda_value"": 0.9282271610620662, ""raw_min_eig"": 0.0010738785825477523, ""normalized_min_eig"": 0.001812993148869756, ""user_index"": [0, 0], ""scale"": 0.5922649152397786, ""raw_normalized_min_eig"": 0.0018131727119324505, ""reason"": ""independent eigvalsh passed"", ""solver_name"": ""CLARABEL""}, {""epsilon"": 0.04005126953125002, ""status"": ""STRICT_FEASIBLE"", ""solver_status"": ""optimal"", ""lambda_value"": 0.9049306165608174, ""raw_min_eig"": 0.0006644894438683213, ""normalized_min_eig"": 0.0008955526556055915, ""user_index"": [0, 1], ""scale"": 0.7419761455918326, ""raw_normalized_min_eig"": 0.0008955671254610154, ""reason"": ""independent eigvalsh passed"", ""solver_name"": ""CLARABEL""}, {""epsilon"": 0.04005126953125002, ""status"": ""STRICT_FEASIBLE"", ""solver_status"": ""optimal"", ""lambda_value"": 0.9479475992244174, ""raw_min_eig"": 0.001169376715516756, ""normalized_min_eig"": 0.0024109895727396627, ""user_index"": [0, 2], ""scale"": 0.484901633292705, ""raw_normalized_min_eig"": 0.0024115751221049733, ""reason"": ""independent eigvalsh passed"", ""solver_name"": ""CLARABEL""}, {""user"": [1, 0], ""epsilon"": 0.04005126953125002, ""warnings"": [""Solution may be inaccurate. Try another solver, adjusting the solver settings, or solve with verbose=True for more information.""]}, {""epsilon"": 0.04005126953125002, ""status"": ""NUMERICALLY_UNCERTAIN"", ""solver_status"": ""optimal_inaccurate"", ""lambda_value"": 0.937405853827571, ""raw_min_eig"": null, ""normalized_min_eig"": null, ""user_index"": [1, 0], ""scale"": 0.751798233376629, ""raw_normalized_min_eig"": null, ""reason"": ""non-optimal or inaccurate solve"", ""solver_name"": ""CLARABEL""}, {""epsilon"": 0.04005126953125002, ""status"": ""STRICT_FEASIBLE"", ""solver_status"": ""optimal"", ""lambda_value"": 0.8780380839715002, ""raw_min_eig"": 0.00063254275845751, ""normalized_min_eig"": 0.004131286516321225, ""user_index"": [1, 1], ""scale"": 0.15275393395834835, ""raw_normalized_min_eig"": 0.00414092614223596, ""reason"": ""independent eigvalsh passed"", ""solver_name"": ""CLARABEL""}, {""epsilon"": 0.04005126953125002, ""status"": ""STRICT_FEASIBLE"", ""solver_status"": ""optimal"", ""lambda_value"": 0.9157865770679214, ""raw_min_eig"": 0.0009021167981039704, ""normalized_min_eig"": 0.005656006054036726, ""user_index"": [1, 2], ""scale"": 0.15890019663358365, ""raw_normalized_min_eig"": 0.005677254133197891, ""reason"": ""independent eigvalsh passed"", ""solver_name"": ""CLARABEL""}, {""epsilon"": 0.039250244140625015, ""status"": ""STRICT_FEASIBLE"", ""solver_status"": ""optimal"", ""lambda_value"": 0.9317345335328606, ""raw_min_eig"": 0.001116460779145822, ""normalized_min_eig"": 0.0018848848589445033, ""user_index"": [0, 0], ""scale"": 0.5922649152397786, ""raw_normalized_min_eig"": 0.001885069924653265, ""reason"": ""independent eigvalsh passed"", ""solver_name"": ""CLARABEL""}, {""epsilon"": 0.039250244140625015, ""status"": ""STRICT_FEASIBLE"", ""solver_status"": ""optimal"", ""lambda_value"": 0.9105891536413886, ""raw_min_eig"": 0.000714523486159635, ""normalized_min_eig"": 0.0009629852625518964, ""user_index"": [0, 1], ""scale"": 0.7419761455918326, ""raw_normalized_min_eig"": 0.0009630006172094655, ""reason"": ""independent eigvalsh passed"", ""solver_name"": ""CLARABEL""}, {""epsilon"": 0.039250244140625015, ""status"": ""STRICT_FEASIBLE"", ""solver_status"": ""optimal"", ""lambda_value"": 0.9508101040580226, ""raw_min_eig"": 0.0012058878386592697, ""normalized_min_eig"": 0.0024862711463135003, ""user_index"": [0, 2], ""scale"": 0.484901633292705, ""raw_normalized_min_eig"": 0.0024868710597461528, ""reason"": ""independent eigvalsh passed"", ""solver_name"": ""CLARABEL""}, {""epsilon"": 0.039250244140625015, ""status"": ""STRICT_FEASIBLE"", ""solver_status"": ""optimal"", ""lambda_value"": 0.9359232637401923, ""raw_min_eig"": 6.811507236459596e-05, ""normalized_min_eig"": 9.062464551715379e-05, ""user_index"": [1, 0], ""scale"": 0.751798233376629, ""raw_normalized_min_eig"": 9.060286302970373e-05, ""reason"": ""independent eigvalsh passed"", ""solver_name"": ""CLARABEL""}, {""epsilon"": 0.039250244140625015, ""status"": ""STRICT_FEASIBLE"", ""solver_status"": ""optimal"", ""lambda_value"": 0.8763282261020544, ""raw_min_eig"": 0.0006545280845832997, ""normalized_min_eig"": 0.004274824617924661, ""user_index"": [1, 1], ""scale"": 0.15275393395834835, ""raw_normalized_min_eig"": 0.004284852557458657, ""reason"": ""independent eigvalsh passed"", ""solver_name"": ""CLARABEL""}, {""epsilon"": 0.039250244140625015, ""status"": ""STRICT_FEASIBLE"", ""solver_status"": ""optimal"", ""lambda_value"": 0.9157588720263117, ""raw_min_eig"": 0.00092062350732612, ""normalized_min_eig"": 0.0057720322944818285, ""user_index"": [1, 2], ""scale"": 0.15890019663358365, ""raw_normalized_min_eig"": 0.005793721636789628, ""reason"": ""independent eigvalsh passed"", ""solver_name"": ""CLARABEL""}]",numerically validated conservative lower bound; inspect upper_endpoint_status before interpreting a bracket,
60001,attempt,,,,,,,,,,,,,,,,,,,,,,0,3137060839,47a082ce09bef43e60a9e07d698543ef2f35b9b821bbf4b07c1bdf95a27bc232,,,,,True,,0,,,e829ba08df53cf8e569aa1adda07aac825c6594d35bfe0ab18f403dba01a9119,,,,,,,,,VALIDATED,,,,,,0
60001,attempt,,,,,,,,,,,,,,,,,,,,,,1,3466792048,a64213d70ff358a826ece89f1e13c6e0a08805654d190d7ac50530a47dbb99cb,,,,,True,,0,,,e829ba08df53cf8e569aa1adda07aac825c6594d35bfe0ab18f403dba01a9119,,,,,,,,,VALIDATED,,,,,,1
60001,attempt,,,,,,,,,,,,,,,,,,,,,,2,2452809221,8e7e514acdcceaf4315158017b9223f44ea1a6235d85b087ecd22caed333e967,,,,,True,,0,,,e829ba08df53cf8e569aa1adda07aac825c6594d35bfe0ab18f403dba01a9119,,,,,,,,,VALIDATED,,,,,,2
60001,attempt,,,,,,,,,,,,,,,,,,,,,,3,3142761576,31ac41ec52124c12e3308257ac8c9998f538a3e407ae8b6f2ce6cb9bab1c200e,,,,,True,,0,,,e829ba08df53cf8e569aa1adda07aac825c6594d35bfe0ab18f403dba01a9119,,,,,,,,,VALIDATED,,,,,,3
60001,validation,journal_fragile,True,0.02996063232421875,0.026964569091796876,0.9,"[0, 0]",STRICT_FEASIBLE,optimal,0.8890851109502477,0.002530551571726693,0.0006771299016445584,True,0.0007983497379236382,,101002,,0,50,0.0,5.7959499930445695,6.3277407977038695,,,,,,,,,,,,,,,,,,,,,,,,,,,,
60001,validation,journal_fragile,True,0.02996063232421875,0.026964569091796876,0.9,"[0, 1]",STRICT_FEASIBLE,optimal,0.968981264913048,0.0043001402351656465,0.0045294177050510245,True,0.004564873998886926,,101002,,0,50,0.0,5.7959499930445695,6.3277407977038695,,,,,,,,,,,,,,,,,,,,,,,,,,,,
60001,validation,journal_fragile,True,0.02996063232421875,0.026964569091796876,0.9,"[0, 2]",STRICT_FEASIBLE,optimal,0.981628574627115,0.005083050265476978,0.023414245123831084,True,0.023724043117588776,,101002,,0,50,0.0,5.7959499930445695,6.3277407977038695,,,,,,,,,,,,,,,,,,,,,,,,,,,,
60001,validation,journal_fragile,True,0.02996063232421875,0.026964569091796876,0.9,"[1, 0]",STRICT_FEASIBLE,optimal,0.9831973743716379,0.004727289473000826,0.0255396396733774,True,0.027165111700906908,,101002,,0,50,0.0,5.7959499930445695,6.3277407977038695,,,,,,,,,,,,,,,,,,,,,,,,,,,,
60001,validation,journal_fragile,True,0.02996063232421875,0.026964569091796876,0.9,"[1, 1]",STRICT_FEASIBLE,optimal,0.8261418139226429,0.0006740244929456247,0.00037238745918872834,True,0.00039420352082797735,,101002,,0,50,0.0,5.7959499930445695,6.3277407977038695,,,,,,,,,,,,,,,,,,,,,,,,,,,,
60001,validation,journal_fragile,True,0.02996063232421875,0.026964569091796876,0.9,"[1, 2]",STRICT_FEASIBLE,optimal,0.6372803285439669,0.0014395620281811563,0.0024041722132936705,True,0.0032432218125817425,,101002,,0,50,0.0,5.7959499930445695,6.3277407977038695,,,,,,,,,,,,,,,,,,,,,,,,,,,,
60001,validation,journal_fragile,True,0.02996063232421875,0.02996063232421875,1.0,"[0, 0]",STRICT_FEASIBLE,optimal,0.8639648001403704,0.0018911590836065688,0.0005060428157303224,True,0.000627815159455809,,101002,,0,50,0.0,5.529954556135153,6.125763469615333,,,,,,,,,,,,,,,,,,,,,,,,,,,,
60001,validation,journal_fragile,True,0.02996063232421875,0.02996063232421875,1.0,"[0, 1]",STRICT_FEASIBLE,optimal,0.9639289205985246,0.0040957964356063544,0.0043141835532106996,True,0.004393501122398972,,101002,,0,50,0.0,5.529954556135153,6.125763469615333,,,,,,,,,,,,,,,,,,,,,,,,,,,,
60001,validation,journal_fragile,True,0.02996063232421875,0.02996063232421875,1.0,"[0, 2]",STRICT_FEASIBLE,optimal,0.9806055937908003,0.005034918162033938,0.023192480660114766,True,0.023392947065124115,,101002,,0,50,0.0,5.529954556135153,6.125763469615333,,,,,,,,,,,,,,,,,,,,,,,,,,,,
60001,validation,journal_fragile,True,0.02996063232421875,0.02996063232421875,1.0,"[1, 0]",STRICT_FEASIBLE,optimal,0.9823130090953612,0.004684835526493698,0.02530995250364365,True,0.026692726803919098,,101002,,0,50,0.0,5.529954556135153,6.125763469615333,,,,,,,,,,,,,,,,,,,,,,,,,,,,
60001,validation,journal_fragile,True,0.02996063232421875,0.02996063232421875,1.0,"[1, 1]",STRICT_FEASIBLE,optimal,0.8453608486502194,3.060639609367465e-07,1.690456422389078e-07,True,1.7114267064829732e-07,,101002,,0,50,0.0,5.529954556135153,6.125763469615333,,,,,,,,,,,,,,,,,,,,,,,,,,,,
60001,validation,journal_fragile,True,0.02996063232421875,0.02996063232421875,1.0,"[1, 2]",STRICT_FEASIBLE,optimal,0.646271508409134,0.0011816529693028863,0.0019732390172685077,True,0.002514237936682595,,101002,,0,50,0.0,5.529954556135153,6.125763469615333,,,,,,,,,,,,,,,,,,,,,,,,,,,,
60001,validation,journal_fragile,True,0.02996063232421875,0.03295669555664063,1.1,"[0, 0]",STRICT_FEASIBLE,optimal,0.8332559130389711,0.0012488495418542603,0.00033417396531906324,True,0.0004393971554419962,,101002,,0,50,0.0,5.264664812950513,5.9097039897706525,,,,,,,,,,,,,,,,,,,,,,,,,,,,
60001,validation,journal_fragile,True,0.02996063232421875,0.03295669555664063,1.1,"[0, 1]",STRICT_FEASIBLE,optimal,0.9581902352585994,0.0038725373615362334,0.004079025777463134,True,0.0042043740556627985,,101002,,0,50,0.0,5.264664812950513,5.9097039897706525,,,,,,,,,,,,,,,,,,,,,,,,,,,,
60001,validation,journal_fragile,True,0.02996063232421875,0.03295669555664063,1.1,"[0, 2]",STRICT_FEASIBLE,optimal,0.9794695670422293,0.004981833575559728,0.022947898613191506,True,0.0230629087001979,,101002,,0,50,0.0,5.264664812950513,5.9097039897706525,,,,,,,,,,,,,,,,,,,,,,,,,,,,
60001,validation,journal_fragile,True,0.02996063232421875,0.03295669555664063,1.1,"[1, 0]",STRICT_FEASIBLE,optimal,0.9813312414230997,0.0046379916926439675,0.025056516137099243,True,0.02622006136187055,,101002,,0,50,0.0,5.264664812950513,5.9097039897706525,,,,,,,,,,,,,,,,,,,,,,,,,,,,
60001,validation,journal_fragile,True,0.02996063232421875,0.03295669555664063,1.1,"[1, 1]",STRICT_INFEASIBLE,infeasible,,,,False,-0.0004108957854151317,,101002,,0,50,0.0,5.264664812950513,5.9097039897706525,,,,,,,,,,,,,,,,,,,,,,,,,,,,
60001,validation,journal_fragile,True,0.02996063232421875,0.03295669555664063,1.1,"[1, 2]",STRICT_FEASIBLE,optimal,0.658164984645075,0.0008896983267262798,0.0014855109421881563,True,0.0017812771250756976,,101002,,0,50,0.0,5.264664812950513,5.9097039897706525,,,,,,,,,,,,,,,,,,,,,,,,,,,,
60001,validation,journal_medium,True,0.04112548828125001,0.03701293945312501,0.9,"[0, 0]",STRICT_FEASIBLE,optimal,1.3389683609691319,0.0015584574366378492,0.0025020996547727467,True,0.0025273434376488144,,101002,,0,50,0.0,4.064175793467164,4.196750314032913,,,,,,,,,,,,,,,,,,,,,,,,,,,,
60001,validation,journal_medium,True,0.04112548828125001,0.03701293945312501,0.9,"[0, 1]",STRICT_FEASIBLE,optimal,1.1653878403230056,0.0006288030627176755,0.00039657698689127274,True,0.000536895258787029,,101002,,0,50,0.0,4.064175793467164,4.196750314032913,,,,,,,,,,,,,,,,,,,,,,,,,,,,
60001,validation,journal_medium,True,0.04112548828125001,0.03701293945312501,0.9,"[0, 2]",STRICT_FEASIBLE,optimal,1.4043148201440352,0.0016027965008708139,0.004964189281494555,True,0.005077712314362338,,101002,,0,50,0.0,4.064175793467164,4.196750314032913,,,,,,,,,,,,,,,,,,,,,,,,,,,,
60001,validation,journal_medium,True,0.04112548828125001,0.03701293945312501,0.9,"[1, 0]",STRICT_FEASIBLE,optimal,1.331190811701311,0.0016766533140267353,0.004724125629376345,True,0.004964215687987375,,101002,,0,50,0.0,4.064175793467164,4.196750314032913,,,,,,,,,,,,,,,,,,,,,,,,,,,,
60001,validation,journal_medium,True,0.04112548828125001,0.03701293945312501,0.9,"[1, 1]",STRICT_FEASIBLE,optimal,1.232144730834298,0.00034181481560740807,0.0005264036999187377,True,0.000544223998912389,,101002,,0,50,0.0,4.064175793467164,4.196750314032913,,,,,,,,,,,,,,,,,,,,,,,,,,,,
60001,validation,journal_medium,True,0.04112548828125001,0.03701293945312501,0.9,"[1, 2]",STRICT_FEASIBLE,optimal,1.2610829029092498,0.0014198982065834202,0.006651439922983197,True,0.008023254087967582,,101002,,0,50,0.0,4.064175793467164,4.196750314032913,,,,,,,,,,,,,,,,,,,,,,,,,,,,
60001,validation,journal_medium,True,0.04112548828125001,0.04112548828125001,1.0,"[0, 0]",STRICT_FEASIBLE,optimal,1.318138302367796,0.0013106662886671486,0.002104230695343358,True,0.002167624551198321,,101002,,0,50,0.0,3.865796883313077,4.035930402130695,,,,,,,,,,,,,,,,,,,,,,,,,,,,
60001,validation,journal_medium,True,0.04112548828125001,0.04112548828125001,1.0,"[0, 1]",STRICT_FEASIBLE,optimal,1.0890624774292375,0.00024105499193505242,0.00015203265447174283,True,0.00021591748667709743,,101002,,0,50,0.0,3.865796883313077,4.035930402130695,,,,,,,,,,,,,,,,,,,,,,,,,,,,
60001,validation,journal_medium,True,0.04112548828125001,0.04112548828125001,1.0,"[0, 2]",STRICT_FEASIBLE,optimal,1.392422414089459,0.0014621565082997337,0.0045284992205192115,True,0.004565055635255759,,101002,,0,50,0.0,3.865796883313077,4.035930402130695,,,,,,,,,,,,,,,,,,,,,,,,,,,,
60001,validation,journal_medium,True,0.04112548828125001,0.04112548828125001,1.0,"[1, 0]",STRICT_FEASIBLE,optimal,1.3251424152747413,0.0015035160255539998,0.004236102607502408,True,0.004396884438086859,,101002,,0,50,0.0,3.865796883313077,4.035930402130695,,,,,,,,,,,,,,,,,,,,,,,,,,,,
60001,validation,journal_medium,True,0.04112548828125001,0.04112548828125001,1.0,"[1, 1]",STRICT_FEASIBLE,optimal,1.2214623630829506,1.1949246074772304e-07,1.840205835993987e-07,True,1.9346997463982885e-07,,101002,,0,50,0.0,3.865796883313077,4.035930402130695,,,,,,,,,,,,,,,,,,,,,,,,,,,,
60001,validation,journal_medium,True,0.04112548828125001,0.04112548828125001,1.0,"[1, 2]",STRICT_FEASIBLE,optimal,1.2593681120835776,0.0013035817153216856,0.006106476024385164,True,0.007178683799898389,,101002,,0,50,0.0,3.865796883313077,4.035930402130695,,,,,,,,,,,,,,,,,,,,,,,,,,,,
60001,validation,journal_medium,True,0.04112548828125001,0.04523803710937502,1.1,"[0, 0]",STRICT_FEASIBLE,optimal,1.29274259131278,0.0010466876855312987,0.001680378556911705,True,0.0017922800577770842,,101002,,0,50,0.0,3.6679167023852606,3.872714349576666,,,,,,,,,,,,,,,,,,,,,,,,,,,,
60001,validation,journal_medium,True,0.04112548828125001,0.04523803710937502,1.1,"[0, 1]",STRICT_INFEASIBLE,infeasible,,,,False,-0.00013860791197367606,,101002,,0,50,0.0,3.6679167023852606,3.872714349576666,,,,,,,,,,,,,,,,,,,,,,,,,,,,
60001,validation,journal_medium,True,0.04112548828125001,0.04523803710937502,1.1,"[0, 2]",STRICT_FEASIBLE,optimal,1.3784090638299635,0.0013092876664000824,0.004054935947626061,True,0.004057368659274226,,101002,,0,50,0.0,3.6679167023852606,3.872714349576666,,,,,,,,,,,,,,,,,,,,,,,,,,,,
60001,validation,journal_medium,True,0.04112548828125001,0.04523803710937502,1.1,"[1, 0]",STRICT_FEASIBLE,optimal,1.3181082960897699,0.0013135432075004234,0.003700656330593473,True,0.0038011201804701786,,101002,,0,50,0.0,3.6679167023852606,3.872714349576666,,,,,,,,,,,,,,,,,,,,,,,,,,,,
60001,validation,journal_medium,True,0.04112548828125001,0.04523803710937502,1.1,"[1, 1]",STRICT_INFEASIBLE,infeasible,,,,False,-0.0005561794096493497,,101002,,0,50,0.0,3.6679167023852606,3.872714349576666,,,,,,,,,,,,,,,,,,,,,,,,,,,,
60001,validation,journal_medium,True,0.04112548828125001,0.04523803710937502,1.1,"[1, 2]",STRICT_FEASIBLE,optimal,1.257429173725021,0.001175332890679821,0.0055056214981310265,True,0.006318086655896324,,101002,,0,50,0.0,3.6679167023852606,3.872714349576666,,,,,,,,,,,,,,,,,,,,,,,,,,,,
60001,validation,journal_robust,True,0.0519744873046875,0.04677703857421875,0.9,"[0, 0]",STRICT_FEASIBLE,optimal,1.1050369232413406,0.00057610827022918,0.0003601859740623581,True,0.000512268863546032,,101002,,0,50,0.0,5.049106468069622,5.210460918330494,,,,,,,,,,,,,,,,,,,,,,,,,,,,
60001,validation,journal_robust,True,0.0519744873046875,0.04677703857421875,0.9,"[0, 1]",STRICT_FEASIBLE,optimal,1.1977802782893476,0.0016201129899013878,0.0015185020901589109,True,0.0018393160991412305,,101002,,0,50,0.0,5.049106468069622,5.210460918330494,,,,,,,,,,,,,,,,,,,,,,,,,,,,
60001,validation,journal_robust,True,0.0519744873046875,0.04677703857421875,0.9,"[0, 2]",STRICT_FEASIBLE,optimal,1.196934190903937,0.0015559320467226992,0.0014500350328818675,True,0.0017613006820550404,,101002,,0,50,0.0,5.049106468069622,5.210460918330494,,,,,,,,,,,,,,,,,,,,,,,,,,,,
60001,validation,journal_robust,True,0.0519744873046875,0.04677703857421875,0.9,"[1, 0]",STRICT_FEASIBLE,optimal,1.2737042814535766,0.002325489896833784,0.004336024447845862,True,0.004336892265586536,,101002,,0,50,0.0,5.049106468069622,5.210460918330494,,,,,,,,,,,,,,,,,,,,,,,,,,,,
60001,validation,journal_robust,True,0.0519744873046875,0.04677703857421875,0.9,"[1, 1]",STRICT_FEASIBLE,optimal,1.1019517280453301,0.001175338632481521,0.0033415610759489093,True,0.003896598591236644,,101002,,0,50,0.0,5.049106468069622,5.210460918330494,,,,,,,,,,,,,,,,,,,,,,,,,,,,
60001,validation,journal_robust,True,0.0519744873046875,0.04677703857421875,0.9,"[1, 2]",STRICT_FEASIBLE,optimal,0.9676650122801039,0.0011241145214664558,0.006437398233736412,True,0.008113447764543766,,101002,,0,50,0.0,5.049106468069622,5.210460918330494,,,,,,,,,,,,,,,,,,,,,,,,,,,,
60001,validation,journal_robust,True,0.0519744873046875,0.0519744873046875,1.0,"[0, 0]",STRICT_FEASIBLE,optimal,1.0273923410337804,1.567092743046109e-07,9.797676290658773e-08,True,1.3340307645594881e-07,,101002,,0,50,0.0,4.8085663839116375,4.975135842065121,,,,,,,,,,,,,,,,,,,,,,,,,,,,
60001,validation,journal_robust,True,0.0519744873046875,0.0519744873046875,1.0,"[0, 1]",STRICT_FEASIBLE,optimal,1.157688280447652,0.0010856567844217402,0.0010175666491234363,True,0.0013265013442054212,,101002,,0,50,0.0,4.8085663839116375,4.975135842065121,,,,,,,,,,,,,,,,,,,,,,,,,,,,
60001,validation,journal_robust,True,0.0519744873046875,0.0519744873046875,1.0,"[0, 2]",STRICT_FEASIBLE,optimal,1.1554197747712742,0.0010206863000665242,0.0009512189337639715,True,0.0012485258833759795,,101002,,0,50,0.0,4.8085663839116375,4.975135842065121,,,,,,,,,,,,,,,,,,,,,,,,,,,,
60001,validation,journal_robust,True,0.0519744873046875,0.0519744873046875,1.0,"[1, 0]",STRICT_FEASIBLE,optimal,1.2597132236378579,0.00197074452040255,0.0036742826054729674,True,0.0036755352745250565,,101002,,0,50,0.0,4.8085663839116375,4.975135842065121,,,,,,,,,,,,,,,,,,,,,,,,,,,,
60001,validation,journal_robust,True,0.0519744873046875,0.0519744873046875,1.0,"[1, 1]",STRICT_FEASIBLE,optimal,1.1049633559895904,0.0008347427745443411,0.002373277149134448,True,0.0026898166372436843,,101002,,0,50,0.0,4.8085663839116375,4.975135842065121,,,,,,,,,,,,,,,,,,,,,,,,,,,,
60001,validation,journal_robust,True,0.0519744873046875,0.0519744873046875,1.0,"[1, 2]",STRICT_FEASIBLE,optimal,0.9865546946299731,0.0008876678304326925,0.0050839551941794054,True,0.006010916255387139,,101002,,0,50,0.0,4.8085663839116375,4.975135842065121,,,,,,,,,,,,,,,,,,,,,,,,,,,,
60001,validation,journal_robust,True,0.0519744873046875,0.05717193603515625,1.1,"[0, 0]",STRICT_INFEASIBLE,infeasible,,,,False,-0.0005653014329419965,,101002,,0,50,0.0,4.568214775694886,4.742930869667187,,,,,,,,,,,,,,,,,,,,,,,,,,,,
60001,validation,journal_robust,True,0.0519744873046875,0.05717193603515625,1.1,"[0, 1]",STRICT_FEASIBLE,optimal,1.10688007584332,0.0005644636251633806,0.0005290620288627146,True,0.0007603165602177997,,101002,,0,50,0.0,4.568214775694886,4.742930869667187,,,,,,,,,,,,,,,,,,,,,,,,,,,,
60001,validation,journal_robust,True,0.0519744873046875,0.05717193603515625,1.1,"[0, 2]",STRICT_FEASIBLE,optimal,1.102467981659648,0.000501997732407913,0.00046783254913283773,True,0.0006823851880494126,,101002,,0,50,0.0,4.568214775694886,4.742930869667187,,,,,,,,,,,,,,,,,,,,,,,,,,,,
60001,validation,journal_robust,True,0.0519744873046875,0.05717193603515625,1.1,"[1, 0]",STRICT_FEASIBLE,optimal,1.2431586379648725,0.0015864346688520645,0.0029574406990157984,True,0.0029645830515410273,,101002,,0,50,0.0,4.568214775694886,4.742930869667187,,,,,,,,,,,,,,,,,,,,,,,,,,,,
60001,validation,journal_robust,True,0.0519744873046875,0.05717193603515625,1.1,"[1, 1]",STRICT_FEASIBLE,optimal,1.1110686037505406,0.00045841802797433795,0.0013033916468709753,True,0.001440214873434135,,101002,,0,50,0.0,4.568214775694886,4.742930869667187,,,,,,,,,,,,,,,,,,,,,,,,,,,,
60001,validation,journal_robust,True,0.0519744873046875,0.05717193603515625,1.1,"[1, 2]",STRICT_FEASIBLE,optimal,1.0120438911481033,0.0006153481831587486,0.003524808341889842,True,0.0038879325853653584,,101002,,0,50,0.0,4.568214775694886,4.742930869667187,,,,,,,,,,,,,,,,,,,,,,,,,,,,
