seed,mobility,channel_correlation,time_index,time,policy,old_configuration,new_configuration,epsilon_cert_old,triggered,reason,rho_obs,epsilon_est,rho_total,threshold,trigger_threshold,installed,reconfigured,design_status,switching_energy,controller_energy,n_changed_elements,n_changed_bits,algorithm_calls,fast_oracle_calls,strict_oracle_calls,primary_solver_calls,fallback_solver_calls,solver_error_count,solver_inaccurate_count,candidate_generation_runtime,certificate_runtime,strict_validation_runtime,calibration_runtime,configuration_id,epsilon_est_offline,offline_calibration,epsilon_cert,epsilon_est_calibrated,reference_time,certificate_status,rho_obs_after,rho_total_after,epsilon_est_after,certified_budget_hold,trigger_budget_hold,runtime,sinr_min,qos_hold,rate,system_power,transmission_circuit_power,ris_static_state_power,instantaneous_wee,trajectory_id,csi_trajectory_id,observation_id,csi_noise_seed
60001,slow,0.9999,0,0.0,always_reconfigure,,8e7e514acdcceaf4315158017b9223f44ea1a6235d85b087ecd22caed333e967,,True,initial_design,0.0,0.0,0.0,0.0,0.0,True,False,SELECTED,0.00032,0.001,27,32,1,414,96,72,6,3,3,0.006040599997504614,26.554594299996097,23.414223899999342,0.0,8e7e514acdcceaf4315158017b9223f44ea1a6235d85b087ecd22caed333e967,0.02864677547826849,"{""source"": ""journal_results\\exp1_csi\\smoke\\20261003T192805902803_e829ba08df53\\joint_radius.json"", ""sha256"": ""ef4f0cdf84db4c4f5f8f82578afb09d770e38ba419bc67388cb7d34a6da2aca3"", ""quantile"": 0.99, ""scope_fingerprint"": ""3080a6c61690f2af638ad0b379044abc6a35745d85d5738086bc4095287eae88"", ""interpretation"": ""Offline maximum of empirical all-user joint quantiles across declared calibration drops and phase profiles. Transfer to unseen trajectories/configurations is empirical; no deterministic or horizon guarantee.""}",0.0519744873046875,0.02864677547826849,0,VALIDATED,0.0,0.02864677547826849,0.02864677547826849,True,True,26.575397099997645,6.460471358754873,True,175024208.8610796,16.384609284942755,15.724609284942755,0.66,10682232.68661796,df15de685260c82b95d17877b298eb496a811ba1bd6713830e602b5c6a4b399e,426c6e756b325ad134390ea5c3dfc032ffd08184610520657a81b763f9cbf096,b9dc0687863836196db7c50121290e1133ef397be27eac408d9d38963403614d,232208054
60001,slow,0.9999,1,0.1,always_reconfigure,8e7e514acdcceaf4315158017b9223f44ea1a6235d85b087ecd22caed333e967,160c0fa965ec1d6146e1b912358a7b61b22a0fa4de6583e06bce59049bee71c1,0.0519744873046875,True,every_csi_update,0.01774821404696509,0.029155204581212152,0.04690341862817724,0.04677703857421875,0.04677703857421875,True,True,SELECTED,0.00029,0.001,23,29,1,426,109,85,7,3,4,0.009694399996078573,30.428647400000045,27.11124869998457,0.0,160c0fa965ec1d6146e1b912358a7b61b22a0fa4de6583e06bce59049bee71c1,0.02864677547826849,"{""source"": ""journal_results\\exp1_csi\\smoke\\20261003T192805902803_e829ba08df53\\joint_radius.json"", ""sha256"": ""ef4f0cdf84db4c4f5f8f82578afb09d770e38ba419bc67388cb7d34a6da2aca3"", ""quantile"": 0.99, ""scope_fingerprint"": ""3080a6c61690f2af638ad0b379044abc6a35745d85d5738086bc4095287eae88"", ""interpretation"": ""Offline maximum of empirical all-user joint quantiles across declared calibration drops and phase profiles. Transfer to unseen trajectories/configurations is empirical; no deterministic or horizon guarantee.""}",0.06112060546874999,0.02864677547826849,1,VALIDATED,0.0,0.02864677547826849,0.02864677547826849,True,True,30.45370820000244,10.620171303762765,True,213060039.1301702,17.404183189419566,16.748183189419567,0.656,12241886.724089107,df15de685260c82b95d17877b298eb496a811ba1bd6713830e602b5c6a4b399e,426c6e756b325ad134390ea5c3dfc032ffd08184610520657a81b763f9cbf096,398f2103b79d9db0cd1c0088831795d799637c383f5de5c59d6c770337f884b3,3411377875
60001,slow,0.9999,2,0.2,always_reconfigure,160c0fa965ec1d6146e1b912358a7b61b22a0fa4de6583e06bce59049bee71c1,d0d8613cfce5086075cd0b041b2c098c187435bfa95aecac5dd9eeaf1a8f423a,0.06112060546874999,True,every_csi_update,0.04153010576735788,0.029836479093774734,0.07136658486113262,0.05500854492187499,0.05500854492187499,True,True,SELECTED,0.00032,0.001,24,32,1,414,96,72,4,3,1,0.00700699999651988,33.82593170000473,30.445123000008607,0.0,d0d8613cfce5086075cd0b041b2c098c187435bfa95aecac5dd9eeaf1a8f423a,0.02864677547826849,"{""source"": ""journal_results\\exp1_csi\\smoke\\20261003T192805902803_e829ba08df53\\joint_radius.json"", ""sha256"": ""ef4f0cdf84db4c4f5f8f82578afb09d770e38ba419bc67388cb7d34a6da2aca3"", ""quantile"": 0.99, ""scope_fingerprint"": ""3080a6c61690f2af638ad0b379044abc6a35745d85d5738086bc4095287eae88"", ""interpretation"": ""Offline maximum of empirical all-user joint quantiles across declared calibration drops and phase profiles. Transfer to unseen trajectories/configurations is empirical; no deterministic or horizon guarantee.""}",0.03872680664062501,0.02864677547826849,2,VALIDATED,0.0,0.02864677547826849,0.02864677547826849,True,True,33.84660679999797,6.548491034901224,True,175292961.47962257,16.72882112138473,16.10482112138473,0.624,10478500.559465166,df15de685260c82b95d17877b298eb496a811ba1bd6713830e602b5c6a4b399e,426c6e756b325ad134390ea5c3dfc032ffd08184610520657a81b763f9cbf096,07b7cb2adcd9c0453f27d2473b03b3fe8b0460767d9f6e817e7c45dfae0b2d47,1327477118
60001,slow,0.9999,0,0.0,periodic_short,,8e7e514acdcceaf4315158017b9223f44ea1a6235d85b087ecd22caed333e967,,True,initial_design,0.0,0.0,0.0,0.0,0.0,True,False,SELECTED,0.00032,0.001,27,32,1,414,96,72,6,3,3,0.01013030000103754,33.73297989999992,30.30300190001799,0.0,8e7e514acdcceaf4315158017b9223f44ea1a6235d85b087ecd22caed333e967,0.02864677547826849,"{""source"": ""journal_results\\exp1_csi\\smoke\\20261003T192805902803_e829ba08df53\\joint_radius.json"", ""sha256"": ""ef4f0cdf84db4c4f5f8f82578afb09d770e38ba419bc67388cb7d34a6da2aca3"", ""quantile"": 0.99, ""scope_fingerprint"": ""3080a6c61690f2af638ad0b379044abc6a35745d85d5738086bc4095287eae88"", ""interpretation"": ""Offline maximum of empirical all-user joint quantiles across declared calibration drops and phase profiles. Transfer to unseen trajectories/configurations is empirical; no deterministic or horizon guarantee.""}",0.0519744873046875,0.02864677547826849,0,VALIDATED,0.0,0.02864677547826849,0.02864677547826849,True,True,33.75772329999745,6.460471358754873,True,175024208.8610796,16.384609284942755,15.724609284942755,0.66,10682232.68661796,df15de685260c82b95d17877b298eb496a811ba1bd6713830e602b5c6a4b399e,426c6e756b325ad134390ea5c3dfc032ffd08184610520657a81b763f9cbf096,b9dc0687863836196db7c50121290e1133ef397be27eac408d9d38963403614d,232208054
60001,slow,0.9999,1,0.1,periodic_short,8e7e514acdcceaf4315158017b9223f44ea1a6235d85b087ecd22caed333e967,160c0fa965ec1d6146e1b912358a7b61b22a0fa4de6583e06bce59049bee71c1,0.0519744873046875,True,period_elapsed,0.01774821404696509,0.029155204581212152,0.04690341862817724,0.04677703857421875,0.04677703857421875,True,True,SELECTED,0.00029,0.001,23,29,1,426,109,85,7,3,4,0.008991799993964378,24.906869899998128,21.240164800001367,0.0,160c0fa965ec1d6146e1b912358a7b61b22a0fa4de6583e06bce59049bee71c1,0.02864677547826849,"{""source"": ""journal_results\\exp1_csi\\smoke\\20261003T192805902803_e829ba08df53\\joint_radius.json"", ""sha256"": ""ef4f0cdf84db4c4f5f8f82578afb09d770e38ba419bc67388cb7d34a6da2aca3"", ""quantile"": 0.99, ""scope_fingerprint"": ""3080a6c61690f2af638ad0b379044abc6a35745d85d5738086bc4095287eae88"", ""interpretation"": ""Offline maximum of empirical all-user joint quantiles across declared calibration drops and phase profiles. Transfer to unseen trajectories/configurations is empirical; no deterministic or horizon guarantee.""}",0.06112060546874999,0.02864677547826849,1,VALIDATED,0.0,0.02864677547826849,0.02864677547826849,True,True,24.927431899999647,10.620171303762765,True,213060039.1301702,17.404183189419566,16.748183189419567,0.656,12241886.724089107,df15de685260c82b95d17877b298eb496a811ba1bd6713830e602b5c6a4b399e,426c6e756b325ad134390ea5c3dfc032ffd08184610520657a81b763f9cbf096,398f2103b79d9db0cd1c0088831795d799637c383f5de5c59d6c770337f884b3,3411377875
60001,slow,0.9999,2,0.2,periodic_short,160c0fa965ec1d6146e1b912358a7b61b22a0fa4de6583e06bce59049bee71c1,d0d8613cfce5086075cd0b041b2c098c187435bfa95aecac5dd9eeaf1a8f423a,0.06112060546874999,True,period_elapsed,0.04153010576735788,0.029836479093774734,0.07136658486113262,0.05500854492187499,0.05500854492187499,True,True,SELECTED,0.00032,0.001,24,32,1,414,96,72,4,3,1,0.0042958000012731645,14.380028599996876,11.783092900008342,0.0,d0d8613cfce5086075cd0b041b2c098c187435bfa95aecac5dd9eeaf1a8f423a,0.02864677547826849,"{""source"": ""journal_results\\exp1_csi\\smoke\\20261003T192805902803_e829ba08df53\\joint_radius.json"", ""sha256"": ""ef4f0cdf84db4c4f5f8f82578afb09d770e38ba419bc67388cb7d34a6da2aca3"", ""quantile"": 0.99, ""scope_fingerprint"": ""3080a6c61690f2af638ad0b379044abc6a35745d85d5738086bc4095287eae88"", ""interpretation"": ""Offline maximum of empirical all-user joint quantiles across declared calibration drops and phase profiles. Transfer to unseen trajectories/configurations is empirical; no deterministic or horizon guarantee.""}",0.03872680664062501,0.02864677547826849,2,VALIDATED,0.0,0.02864677547826849,0.02864677547826849,True,True,14.391307400001097,6.548491034901224,True,175292961.47962257,16.72882112138473,16.10482112138473,0.624,10478500.559465166,df15de685260c82b95d17877b298eb496a811ba1bd6713830e602b5c6a4b399e,426c6e756b325ad134390ea5c3dfc032ffd08184610520657a81b763f9cbf096,07b7cb2adcd9c0453f27d2473b03b3fe8b0460767d9f6e817e7c45dfae0b2d47,1327477118
60001,slow,0.9999,0,0.0,periodic_long,,8e7e514acdcceaf4315158017b9223f44ea1a6235d85b087ecd22caed333e967,,True,initial_design,0.0,0.0,0.0,0.0,0.0,True,False,SELECTED,0.00032,0.001,27,32,1,414,96,72,6,3,3,0.003380400001333328,14.685435700001108,12.170338800027821,0.0,8e7e514acdcceaf4315158017b9223f44ea1a6235d85b087ecd22caed333e967,0.02864677547826849,"{""source"": ""journal_results\\exp1_csi\\smoke\\20261003T192805902803_e829ba08df53\\joint_radius.json"", ""sha256"": ""ef4f0cdf84db4c4f5f8f82578afb09d770e38ba419bc67388cb7d34a6da2aca3"", ""quantile"": 0.99, ""scope_fingerprint"": ""3080a6c61690f2af638ad0b379044abc6a35745d85d5738086bc4095287eae88"", ""interpretation"": ""Offline maximum of empirical all-user joint quantiles across declared calibration drops and phase profiles. Transfer to unseen trajectories/configurations is empirical; no deterministic or horizon guarantee.""}",0.0519744873046875,0.02864677547826849,0,VALIDATED,0.0,0.02864677547826849,0.02864677547826849,True,True,14.695724900000641,6.460471358754873,True,175024208.8610796,16.384609284942755,15.724609284942755,0.66,10682232.68661796,df15de685260c82b95d17877b298eb496a811ba1bd6713830e602b5c6a4b399e,426c6e756b325ad134390ea5c3dfc032ffd08184610520657a81b763f9cbf096,b9dc0687863836196db7c50121290e1133ef397be27eac408d9d38963403614d,232208054
60001,slow,0.9999,1,0.1,periodic_long,8e7e514acdcceaf4315158017b9223f44ea1a6235d85b087ecd22caed333e967,,0.0519744873046875,False,period_pending,0.01774821404696509,0.029155204581212152,0.04690341862817724,0.04677703857421875,0.04677703857421875,False,False,REUSE,0.0,0.0,0,0,0,0,0,0,0,0,0,0.0,0.0,0.0,0.0,8e7e514acdcceaf4315158017b9223f44ea1a6235d85b087ecd22caed333e967,0.02864677547826849,"{""source"": ""journal_results\\exp1_csi\\smoke\\20261003T192805902803_e829ba08df53\\joint_radius.json"", ""sha256"": ""ef4f0cdf84db4c4f5f8f82578afb09d770e38ba419bc67388cb7d34a6da2aca3"", ""quantile"": 0.99, ""scope_fingerprint"": ""3080a6c61690f2af638ad0b379044abc6a35745d85d5738086bc4095287eae88"", ""interpretation"": ""Offline maximum of empirical all-user joint quantiles across declared calibration drops and phase profiles. Transfer to unseen trajectories/configurations is empirical; no deterministic or horizon guarantee.""}",0.0519744873046875,0.02864677547826849,0,VALIDATED,0.01774821404696509,0.04690341862817724,0.029155204581212152,True,False,0.0006144999970274512,6.49891298901213,True,175034811.96664146,16.384609284942755,15.724609284942755,0.66,10682879.824757017,df15de685260c82b95d17877b298eb496a811ba1bd6713830e602b5c6a4b399e,426c6e756b325ad134390ea5c3dfc032ffd08184610520657a81b763f9cbf096,398f2103b79d9db0cd1c0088831795d799637c383f5de5c59d6c770337f884b3,3411377875
60001,slow,0.9999,2,0.2,periodic_long,8e7e514acdcceaf4315158017b9223f44ea1a6235d85b087ecd22caed333e967,d0d8613cfce5086075cd0b041b2c098c187435bfa95aecac5dd9eeaf1a8f423a,0.0519744873046875,True,period_elapsed,0.019442312753301317,0.029203735046490587,0.048646047799791904,0.04677703857421875,0.04677703857421875,True,True,SELECTED,0.00035000000000000005,0.001,25,35,1,414,96,72,4,3,1,0.0037890999956289306,14.266743900003348,11.775130800015177,0.0,d0d8613cfce5086075cd0b041b2c098c187435bfa95aecac5dd9eeaf1a8f423a,0.02864677547826849,"{""source"": ""journal_results\\exp1_csi\\smoke\\20261003T192805902803_e829ba08df53\\joint_radius.json"", ""sha256"": ""ef4f0cdf84db4c4f5f8f82578afb09d770e38ba419bc67388cb7d34a6da2aca3"", ""quantile"": 0.99, ""scope_fingerprint"": ""3080a6c61690f2af638ad0b379044abc6a35745d85d5738086bc4095287eae88"", ""interpretation"": ""Offline maximum of empirical all-user joint quantiles across declared calibration drops and phase profiles. Transfer to unseen trajectories/configurations is empirical; no deterministic or horizon guarantee.""}",0.03872680664062501,0.02864677547826849,2,VALIDATED,0.0,0.02864677547826849,0.02864677547826849,True,True,14.277599199998804,6.548491034901224,True,175292961.47962257,16.72882112138473,16.10482112138473,0.624,10478500.559465166,df15de685260c82b95d17877b298eb496a811ba1bd6713830e602b5c6a4b399e,426c6e756b325ad134390ea5c3dfc032ffd08184610520657a81b763f9cbf096,07b7cb2adcd9c0453f27d2473b03b3fe8b0460767d9f6e817e7c45dfae0b2d47,1327477118
60001,slow,0.9999,0,0.0,certificate_triggered,,8e7e514acdcceaf4315158017b9223f44ea1a6235d85b087ecd22caed333e967,,True,initial_design,0.0,0.0,0.0,0.0,0.0,True,False,SELECTED,0.00032,0.001,27,32,1,414,96,72,6,3,3,0.0033585000019229483,15.088287100003072,12.37488220000887,0.0,8e7e514acdcceaf4315158017b9223f44ea1a6235d85b087ecd22caed333e967,0.02864677547826849,"{""source"": ""journal_results\\exp1_csi\\smoke\\20261003T192805902803_e829ba08df53\\joint_radius.json"", ""sha256"": ""ef4f0cdf84db4c4f5f8f82578afb09d770e38ba419bc67388cb7d34a6da2aca3"", ""quantile"": 0.99, ""scope_fingerprint"": ""3080a6c61690f2af638ad0b379044abc6a35745d85d5738086bc4095287eae88"", ""interpretation"": ""Offline maximum of empirical all-user joint quantiles across declared calibration drops and phase profiles. Transfer to unseen trajectories/configurations is empirical; no deterministic or horizon guarantee.""}",0.0519744873046875,0.02864677547826849,0,VALIDATED,0.0,0.02864677547826849,0.02864677547826849,True,True,15.098175600000104,6.460471358754873,True,175024208.8610796,16.384609284942755,15.724609284942755,0.66,10682232.68661796,df15de685260c82b95d17877b298eb496a811ba1bd6713830e602b5c6a4b399e,426c6e756b325ad134390ea5c3dfc032ffd08184610520657a81b763f9cbf096,b9dc0687863836196db7c50121290e1133ef397be27eac408d9d38963403614d,232208054
60001,slow,0.9999,1,0.1,certificate_triggered,8e7e514acdcceaf4315158017b9223f44ea1a6235d85b087ecd22caed333e967,160c0fa965ec1d6146e1b912358a7b61b22a0fa4de6583e06bce59049bee71c1,0.0519744873046875,True,certificate_threshold,0.01774821404696509,0.029155204581212152,0.04690341862817724,0.04677703857421875,0.04677703857421875,True,True,SELECTED,0.00029,0.001,23,29,1,426,109,85,7,3,4,0.004732900000817608,13.890071300000272,11.564194600006886,0.0,160c0fa965ec1d6146e1b912358a7b61b22a0fa4de6583e06bce59049bee71c1,0.02864677547826849,"{""source"": ""journal_results\\exp1_csi\\smoke\\20261003T192805902803_e829ba08df53\\joint_radius.json"", ""sha256"": ""ef4f0cdf84db4c4f5f8f82578afb09d770e38ba419bc67388cb7d34a6da2aca3"", ""quantile"": 0.99, ""scope_fingerprint"": ""3080a6c61690f2af638ad0b379044abc6a35745d85d5738086bc4095287eae88"", ""interpretation"": ""Offline maximum of empirical all-user joint quantiles across declared calibration drops and phase profiles. Transfer to unseen trajectories/configurations is empirical; no deterministic or horizon guarantee.""}",0.06112060546874999,0.02864677547826849,1,VALIDATED,0.0,0.02864677547826849,0.02864677547826849,True,True,13.902905499999179,10.620171303762765,True,213060039.1301702,17.404183189419566,16.748183189419567,0.656,12241886.724089107,df15de685260c82b95d17877b298eb496a811ba1bd6713830e602b5c6a4b399e,426c6e756b325ad134390ea5c3dfc032ffd08184610520657a81b763f9cbf096,398f2103b79d9db0cd1c0088831795d799637c383f5de5c59d6c770337f884b3,3411377875
60001,slow,0.9999,2,0.2,certificate_triggered,160c0fa965ec1d6146e1b912358a7b61b22a0fa4de6583e06bce59049bee71c1,d0d8613cfce5086075cd0b041b2c098c187435bfa95aecac5dd9eeaf1a8f423a,0.06112060546874999,True,certificate_threshold,0.04153010576735788,0.029836479093774734,0.07136658486113262,0.05500854492187499,0.05500854492187499,True,True,SELECTED,0.00032,0.001,24,32,1,414,96,72,4,3,1,0.004393800001707859,29.113014799997472,25.96955190000881,0.0,d0d8613cfce5086075cd0b041b2c098c187435bfa95aecac5dd9eeaf1a8f423a,0.02864677547826849,"{""source"": ""journal_results\\exp1_csi\\smoke\\20261003T192805902803_e829ba08df53\\joint_radius.json"", ""sha256"": ""ef4f0cdf84db4c4f5f8f82578afb09d770e38ba419bc67388cb7d34a6da2aca3"", ""quantile"": 0.99, ""scope_fingerprint"": ""3080a6c61690f2af638ad0b379044abc6a35745d85d5738086bc4095287eae88"", ""interpretation"": ""Offline maximum of empirical all-user joint quantiles across declared calibration drops and phase profiles. Transfer to unseen trajectories/configurations is empirical; no deterministic or horizon guarantee.""}",0.03872680664062501,0.02864677547826849,2,VALIDATED,0.0,0.02864677547826849,0.02864677547826849,True,True,29.12730030000239,6.548491034901224,True,175292961.47962257,16.72882112138473,16.10482112138473,0.624,10478500.559465166,df15de685260c82b95d17877b298eb496a811ba1bd6713830e602b5c6a4b399e,426c6e756b325ad134390ea5c3dfc032ffd08184610520657a81b763f9cbf096,07b7cb2adcd9c0453f27d2473b03b3fe8b0460767d9f6e817e7c45dfae0b2d47,1327477118
60001,slow,0.9999,0,0.0,static,,8e7e514acdcceaf4315158017b9223f44ea1a6235d85b087ecd22caed333e967,,True,initial_design,0.0,0.0,0.0,0.0,0.0,True,False,SELECTED,0.00032,0.001,27,32,1,414,96,72,6,3,3,0.006378099998983089,35.026156900003116,31.447184300024674,0.0,8e7e514acdcceaf4315158017b9223f44ea1a6235d85b087ecd22caed333e967,0.02864677547826849,"{""source"": ""journal_results\\exp1_csi\\smoke\\20261003T192805902803_e829ba08df53\\joint_radius.json"", ""sha256"": ""ef4f0cdf84db4c4f5f8f82578afb09d770e38ba419bc67388cb7d34a6da2aca3"", ""quantile"": 0.99, ""scope_fingerprint"": ""3080a6c61690f2af638ad0b379044abc6a35745d85d5738086bc4095287eae88"", ""interpretation"": ""Offline maximum of empirical all-user joint quantiles across declared calibration drops and phase profiles. Transfer to unseen trajectories/configurations is empirical; no deterministic or horizon guarantee.""}",0.0519744873046875,0.02864677547826849,0,VALIDATED,0.0,0.02864677547826849,0.02864677547826849,True,True,35.0465918000009,6.460471358754873,True,175024208.8610796,16.384609284942755,15.724609284942755,0.66,10682232.68661796,df15de685260c82b95d17877b298eb496a811ba1bd6713830e602b5c6a4b399e,426c6e756b325ad134390ea5c3dfc032ffd08184610520657a81b763f9cbf096,b9dc0687863836196db7c50121290e1133ef397be27eac408d9d38963403614d,232208054
60001,slow,0.9999,1,0.1,static,8e7e514acdcceaf4315158017b9223f44ea1a6235d85b087ecd22caed333e967,,0.0519744873046875,False,static_baseline,0.01774821404696509,0.029155204581212152,0.04690341862817724,0.04677703857421875,0.04677703857421875,False,False,REUSE,0.0,0.0,0,0,0,0,0,0,0,0,0,0.0,0.0,0.0,0.0,8e7e514acdcceaf4315158017b9223f44ea1a6235d85b087ecd22caed333e967,0.02864677547826849,"{""source"": ""journal_results\\exp1_csi\\smoke\\20261003T192805902803_e829ba08df53\\joint_radius.json"", ""sha256"": ""ef4f0cdf84db4c4f5f8f82578afb09d770e38ba419bc67388cb7d34a6da2aca3"", ""quantile"": 0.99, ""scope_fingerprint"": ""3080a6c61690f2af638ad0b379044abc6a35745d85d5738086bc4095287eae88"", ""interpretation"": ""Offline maximum of empirical all-user joint quantiles across declared calibration drops and phase profiles. Transfer to unseen trajectories/configurations is empirical; no deterministic or horizon guarantee.""}",0.0519744873046875,0.02864677547826849,0,VALIDATED,0.01774821404696509,0.04690341862817724,0.029155204581212152,True,False,0.002141799999662908,6.49891298901213,True,175034811.96664146,16.384609284942755,15.724609284942755,0.66,10682879.824757017,df15de685260c82b95d17877b298eb496a811ba1bd6713830e602b5c6a4b399e,426c6e756b325ad134390ea5c3dfc032ffd08184610520657a81b763f9cbf096,398f2103b79d9db0cd1c0088831795d799637c383f5de5c59d6c770337f884b3,3411377875
60001,slow,0.9999,2,0.2,static,8e7e514acdcceaf4315158017b9223f44ea1a6235d85b087ecd22caed333e967,,0.0519744873046875,False,static_baseline,0.019442312753301317,0.029203735046490587,0.048646047799791904,0.04677703857421875,0.04677703857421875,False,False,REUSE,0.0,0.0,0,0,0,0,0,0,0,0,0,0.0,0.0,0.0,0.0,8e7e514acdcceaf4315158017b9223f44ea1a6235d85b087ecd22caed333e967,0.02864677547826849,"{""source"": ""journal_results\\exp1_csi\\smoke\\20261003T192805902803_e829ba08df53\\joint_radius.json"", ""sha256"": ""ef4f0cdf84db4c4f5f8f82578afb09d770e38ba419bc67388cb7d34a6da2aca3"", ""quantile"": 0.99, ""scope_fingerprint"": ""3080a6c61690f2af638ad0b379044abc6a35745d85d5738086bc4095287eae88"", ""interpretation"": ""Offline maximum of empirical all-user joint quantiles across declared calibration drops and phase profiles. Transfer to unseen trajectories/configurations is empirical; no deterministic or horizon guarantee.""}",0.0519744873046875,0.02864677547826849,0,VALIDATED,0.019442312753301317,0.048646047799791904,0.029203735046490587,True,False,0.0020528999993985053,6.473838501911837,True,174960280.83619356,16.384609284942755,15.724609284942755,0.66,10678330.974726373,df15de685260c82b95d17877b298eb496a811ba1bd6713830e602b5c6a4b399e,426c6e756b325ad134390ea5c3dfc032ffd08184610520657a81b763f9cbf096,07b7cb2adcd9c0453f27d2473b03b3fe8b0460767d9f6e817e7c45dfae0b2d47,1327477118
60001,medium,0.995,0,0.0,always_reconfigure,,8e7e514acdcceaf4315158017b9223f44ea1a6235d85b087ecd22caed333e967,,True,initial_design,0.0,0.0,0.0,0.0,0.0,True,False,SELECTED,0.00032,0.001,27,32,1,414,96,72,6,3,3,0.010160300000279676,34.77190360000168,31.681641499984835,0.0,8e7e514acdcceaf4315158017b9223f44ea1a6235d85b087ecd22caed333e967,0.02864677547826849,"{""source"": ""journal_results\\exp1_csi\\smoke\\20261003T192805902803_e829ba08df53\\joint_radius.json"", ""sha256"": ""ef4f0cdf84db4c4f5f8f82578afb09d770e38ba419bc67388cb7d34a6da2aca3"", ""quantile"": 0.99, ""scope_fingerprint"": ""3080a6c61690f2af638ad0b379044abc6a35745d85d5738086bc4095287eae88"", ""interpretation"": ""Offline maximum of empirical all-user joint quantiles across declared calibration drops and phase profiles. Transfer to unseen trajectories/configurations is empirical; no deterministic or horizon guarantee.""}",0.0519744873046875,0.02864677547826849,0,VALIDATED,0.0,0.02864677547826849,0.02864677547826849,True,True,34.80275999999867,6.460471358754873,True,175024208.8610796,16.384609284942755,15.724609284942755,0.66,10682232.68661796,962b9c2ef8e1cbcad9f787c0ee0599d3e47bf10387f28178d205a8f73111c2ac,82d9ae43857b9df5f537a67cade03c17a2287859006d58160a20d1b1555e7b20,b9dc0687863836196db7c50121290e1133ef397be27eac408d9d38963403614d,232208054
60001,medium,0.995,1,0.1,always_reconfigure,8e7e514acdcceaf4315158017b9223f44ea1a6235d85b087ecd22caed333e967,4e76c2e2fc197175ba9919d0b101f065bfb688045513cfc2e775830f452a497f,0.0519744873046875,True,every_csi_update,0.06091257257358114,0.030391724268587602,0.09130429684216874,0.04677703857421875,0.04677703857421875,True,True,SELECTED,0.00029,0.001,23,29,1,426,140,116,7,4,2,0.010448599990922958,48.921042099998886,45.85263080000004,0.0,4e76c2e2fc197175ba9919d0b101f065bfb688045513cfc2e775830f452a497f,0.02864677547826849,"{""source"": ""journal_results\\exp1_csi\\smoke\\20261003T192805902803_e829ba08df53\\joint_radius.json"", ""sha256"": ""ef4f0cdf84db4c4f5f8f82578afb09d770e38ba419bc67388cb7d34a6da2aca3"", ""quantile"": 0.99, ""scope_fingerprint"": ""3080a6c61690f2af638ad0b379044abc6a35745d85d5738086bc4095287eae88"", ""interpretation"": ""Offline maximum of empirical all-user joint quantiles across declared calibration drops and phase profiles. Transfer to unseen trajectories/configurations is empirical; no deterministic or horizon guarantee.""}",0.06207275390625,0.02864677547826849,1,VALIDATED,0.0,0.02864677547826849,0.02864677547826849,True,True,48.94925420000072,10.625057050483699,True,213099927.92205134,17.335959065755134,16.679959065755135,0.656,12292364.507424438,962b9c2ef8e1cbcad9f787c0ee0599d3e47bf10387f28178d205a8f73111c2ac,82d9ae43857b9df5f537a67cade03c17a2287859006d58160a20d1b1555e7b20,dd7a09d1000952798fe62e55f07a49bcaee72fd96db55215fab9bad1edea2159,3411377875
60001,medium,0.995,2,0.2,always_reconfigure,4e76c2e2fc197175ba9919d0b101f065bfb688045513cfc2e775830f452a497f,3aa639aae0ee24bf188a2e590cf44b8e8a08b02b3b218a043f2f29fe5fdee3ea,0.06207275390625,True,every_csi_update,0.17919380227070994,0.033780100099014755,0.2129739023697247,0.055865478515625004,0.055865478515625004,True,True,SELECTED,0.00032,0.001,24,32,1,414,96,72,4,2,1,0.007353499997407198,27.365262000002986,24.351605600000767,0.0,3aa639aae0ee24bf188a2e590cf44b8e8a08b02b3b218a043f2f29fe5fdee3ea,0.02864677547826849,"{""source"": ""journal_results\\exp1_csi\\smoke\\20261003T192805902803_e829ba08df53\\joint_radius.json"", ""sha256"": ""ef4f0cdf84db4c4f5f8f82578afb09d770e38ba419bc67388cb7d34a6da2aca3"", ""quantile"": 0.99, ""scope_fingerprint"": ""3080a6c61690f2af638ad0b379044abc6a35745d85d5738086bc4095287eae88"", ""interpretation"": ""Offline maximum of empirical all-user joint quantiles across declared calibration drops and phase profiles. Transfer to unseen trajectories/configurations is empirical; no deterministic or horizon guarantee.""}",0.03699951171875,0.02864677547826849,2,VALIDATED,0.0,0.02864677547826849,0.02864677547826849,True,True,27.381736200000887,6.544851125970926,True,175264980.96678367,16.83831682847969,16.214316828479692,0.624,10408699.560180929,962b9c2ef8e1cbcad9f787c0ee0599d3e47bf10387f28178d205a8f73111c2ac,82d9ae43857b9df5f537a67cade03c17a2287859006d58160a20d1b1555e7b20,3c19aee0d804f6aeedb586fa2cd112c5d7a3815ad6f1f7e2275368ea3e64e49d,1327477118
60001,medium,0.995,0,0.0,periodic_short,,8e7e514acdcceaf4315158017b9223f44ea1a6235d85b087ecd22caed333e967,,True,initial_design,0.0,0.0,0.0,0.0,0.0,True,False,SELECTED,0.00032,0.001,27,32,1,414,96,72,6,3,3,0.003318099999887636,14.649934199998825,12.15763880000668,0.0,8e7e514acdcceaf4315158017b9223f44ea1a6235d85b087ecd22caed333e967,0.02864677547826849,"{""source"": ""journal_results\\exp1_csi\\smoke\\20261003T192805902803_e829ba08df53\\joint_radius.json"", ""sha256"": ""ef4f0cdf84db4c4f5f8f82578afb09d770e38ba419bc67388cb7d34a6da2aca3"", ""quantile"": 0.99, ""scope_fingerprint"": ""3080a6c61690f2af638ad0b379044abc6a35745d85d5738086bc4095287eae88"", ""interpretation"": ""Offline maximum of empirical all-user joint quantiles across declared calibration drops and phase profiles. Transfer to unseen trajectories/configurations is empirical; no deterministic or horizon guarantee.""}",0.0519744873046875,0.02864677547826849,0,VALIDATED,0.0,0.02864677547826849,0.02864677547826849,True,True,14.660208400000556,6.460471358754873,True,175024208.8610796,16.384609284942755,15.724609284942755,0.66,10682232.68661796,962b9c2ef8e1cbcad9f787c0ee0599d3e47bf10387f28178d205a8f73111c2ac,82d9ae43857b9df5f537a67cade03c17a2287859006d58160a20d1b1555e7b20,b9dc0687863836196db7c50121290e1133ef397be27eac408d9d38963403614d,232208054
60001,medium,0.995,1,0.1,periodic_short,8e7e514acdcceaf4315158017b9223f44ea1a6235d85b087ecd22caed333e967,4e76c2e2fc197175ba9919d0b101f065bfb688045513cfc2e775830f452a497f,0.0519744873046875,True,period_elapsed,0.06091257257358114,0.030391724268587602,0.09130429684216874,0.04677703857421875,0.04677703857421875,True,True,SELECTED,0.00029,0.001,23,29,1,426,140,116,7,4,2,0.00457740000274498,20.697597099999257,18.24149170000237,0.0,4e76c2e2fc197175ba9919d0b101f065bfb688045513cfc2e775830f452a497f,0.02864677547826849,"{""source"": ""journal_results\\exp1_csi\\smoke\\20261003T192805902803_e829ba08df53\\joint_radius.json"", ""sha256"": ""ef4f0cdf84db4c4f5f8f82578afb09d770e38ba419bc67388cb7d34a6da2aca3"", ""quantile"": 0.99, ""scope_fingerprint"": ""3080a6c61690f2af638ad0b379044abc6a35745d85d5738086bc4095287eae88"", ""interpretation"": ""Offline maximum of empirical all-user joint quantiles across declared calibration drops and phase profiles. Transfer to unseen trajectories/configurations is empirical; no deterministic or horizon guarantee.""}",0.06207275390625,0.02864677547826849,1,VALIDATED,0.0,0.02864677547826849,0.02864677547826849,True,True,20.711006300000008,10.625057050483699,True,213099927.92205134,17.335959065755134,16.679959065755135,0.656,12292364.507424438,962b9c2ef8e1cbcad9f787c0ee0599d3e47bf10387f28178d205a8f73111c2ac,82d9ae43857b9df5f537a67cade03c17a2287859006d58160a20d1b1555e7b20,dd7a09d1000952798fe62e55f07a49bcaee72fd96db55215fab9bad1edea2159,3411377875
60001,medium,0.995,2,0.2,periodic_short,4e76c2e2fc197175ba9919d0b101f065bfb688045513cfc2e775830f452a497f,3aa639aae0ee24bf188a2e590cf44b8e8a08b02b3b218a043f2f29fe5fdee3ea,0.06207275390625,True,period_elapsed,0.17919380227070994,0.033780100099014755,0.2129739023697247,0.055865478515625004,0.055865478515625004,True,True,SELECTED,0.00032,0.001,24,32,1,414,96,72,4,2,1,0.0036160999989078846,14.330352100001619,11.70457700002953,0.0,3aa639aae0ee24bf188a2e590cf44b8e8a08b02b3b218a043f2f29fe5fdee3ea,0.02864677547826849,"{""source"": ""journal_results\\exp1_csi\\smoke\\20261003T192805902803_e829ba08df53\\joint_radius.json"", ""sha256"": ""ef4f0cdf84db4c4f5f8f82578afb09d770e38ba419bc67388cb7d34a6da2aca3"", ""quantile"": 0.99, ""scope_fingerprint"": ""3080a6c61690f2af638ad0b379044abc6a35745d85d5738086bc4095287eae88"", ""interpretation"": ""Offline maximum of empirical all-user joint quantiles across declared calibration drops and phase profiles. Transfer to unseen trajectories/configurations is empirical; no deterministic or horizon guarantee.""}",0.03699951171875,0.02864677547826849,2,VALIDATED,0.0,0.02864677547826849,0.02864677547826849,True,True,14.341201300001558,6.544851125970926,True,175264980.96678367,16.83831682847969,16.214316828479692,0.624,10408699.560180929,962b9c2ef8e1cbcad9f787c0ee0599d3e47bf10387f28178d205a8f73111c2ac,82d9ae43857b9df5f537a67cade03c17a2287859006d58160a20d1b1555e7b20,3c19aee0d804f6aeedb586fa2cd112c5d7a3815ad6f1f7e2275368ea3e64e49d,1327477118
60001,medium,0.995,0,0.0,periodic_long,,8e7e514acdcceaf4315158017b9223f44ea1a6235d85b087ecd22caed333e967,,True,initial_design,0.0,0.0,0.0,0.0,0.0,True,False,SELECTED,0.00032,0.001,27,32,1,414,96,72,6,3,3,0.0033839999996416736,14.369188199998462,11.857507799970335,0.0,8e7e514acdcceaf4315158017b9223f44ea1a6235d85b087ecd22caed333e967,0.02864677547826849,"{""source"": ""journal_results\\exp1_csi\\smoke\\20261003T192805902803_e829ba08df53\\joint_radius.json"", ""sha256"": ""ef4f0cdf84db4c4f5f8f82578afb09d770e38ba419bc67388cb7d34a6da2aca3"", ""quantile"": 0.99, ""scope_fingerprint"": ""3080a6c61690f2af638ad0b379044abc6a35745d85d5738086bc4095287eae88"", ""interpretation"": ""Offline maximum of empirical all-user joint quantiles across declared calibration drops and phase profiles. Transfer to unseen trajectories/configurations is empirical; no deterministic or horizon guarantee.""}",0.0519744873046875,0.02864677547826849,0,VALIDATED,0.0,0.02864677547826849,0.02864677547826849,True,True,14.379616800000804,6.460471358754873,True,175024208.8610796,16.384609284942755,15.724609284942755,0.66,10682232.68661796,962b9c2ef8e1cbcad9f787c0ee0599d3e47bf10387f28178d205a8f73111c2ac,82d9ae43857b9df5f537a67cade03c17a2287859006d58160a20d1b1555e7b20,b9dc0687863836196db7c50121290e1133ef397be27eac408d9d38963403614d,232208054
60001,medium,0.995,1,0.1,periodic_long,8e7e514acdcceaf4315158017b9223f44ea1a6235d85b087ecd22caed333e967,,0.0519744873046875,False,period_pending,0.06091257257358114,0.030391724268587602,0.09130429684216874,0.04677703857421875,0.04677703857421875,False,False,REUSE,0.0,0.0,0,0,0,0,0,0,0,0,0,0.0,0.0,0.0,0.0,8e7e514acdcceaf4315158017b9223f44ea1a6235d85b087ecd22caed333e967,0.02864677547826849,"{""source"": ""journal_results\\exp1_csi\\smoke\\20261003T192805902803_e829ba08df53\\joint_radius.json"", ""sha256"": ""ef4f0cdf84db4c4f5f8f82578afb09d770e38ba419bc67388cb7d34a6da2aca3"", ""quantile"": 0.99, ""scope_fingerprint"": ""3080a6c61690f2af638ad0b379044abc6a35745d85d5738086bc4095287eae88"", ""interpretation"": ""Offline maximum of empirical all-user joint quantiles across declared calibration drops and phase profiles. Transfer to unseen trajectories/configurations is empirical; no deterministic or horizon guarantee.""}",0.0519744873046875,0.02864677547826849,0,VALIDATED,0.06091257257358114,0.09130429684216874,0.030391724268587602,False,False,0.0005860999990545679,5.895866716925161,True,172809257.65195653,16.384609284942755,15.724609284942755,0.66,10547047.820710989,962b9c2ef8e1cbcad9f787c0ee0599d3e47bf10387f28178d205a8f73111c2ac,82d9ae43857b9df5f537a67cade03c17a2287859006d58160a20d1b1555e7b20,dd7a09d1000952798fe62e55f07a49bcaee72fd96db55215fab9bad1edea2159,3411377875
60001,medium,0.995,2,0.2,periodic_long,8e7e514acdcceaf4315158017b9223f44ea1a6235d85b087ecd22caed333e967,3aa639aae0ee24bf188a2e590cf44b8e8a08b02b3b218a043f2f29fe5fdee3ea,0.0519744873046875,True,period_elapsed,0.07900163169432757,0.030909917483832754,0.10991154917816032,0.04677703857421875,0.04677703857421875,True,True,SELECTED,0.00035000000000000005,0.001,25,35,1,414,96,72,4,2,1,0.003703099999256665,13.860737999995763,11.35669920001601,0.0,3aa639aae0ee24bf188a2e590cf44b8e8a08b02b3b218a043f2f29fe5fdee3ea,0.02864677547826849,"{""source"": ""journal_results\\exp1_csi\\smoke\\20261003T192805902803_e829ba08df53\\joint_radius.json"", ""sha256"": ""ef4f0cdf84db4c4f5f8f82578afb09d770e38ba419bc67388cb7d34a6da2aca3"", ""quantile"": 0.99, ""scope_fingerprint"": ""3080a6c61690f2af638ad0b379044abc6a35745d85d5738086bc4095287eae88"", ""interpretation"": ""Offline maximum of empirical all-user joint quantiles across declared calibration drops and phase profiles. Transfer to unseen trajectories/configurations is empirical; no deterministic or horizon guarantee.""}",0.03699951171875,0.02864677547826849,2,VALIDATED,0.0,0.02864677547826849,0.02864677547826849,True,True,13.871270399999048,6.544851125970926,True,175264980.96678367,16.83831682847969,16.214316828479692,0.624,10408699.560180929,962b9c2ef8e1cbcad9f787c0ee0599d3e47bf10387f28178d205a8f73111c2ac,82d9ae43857b9df5f537a67cade03c17a2287859006d58160a20d1b1555e7b20,3c19aee0d804f6aeedb586fa2cd112c5d7a3815ad6f1f7e2275368ea3e64e49d,1327477118
60001,medium,0.995,0,0.0,certificate_triggered,,8e7e514acdcceaf4315158017b9223f44ea1a6235d85b087ecd22caed333e967,,True,initial_design,0.0,0.0,0.0,0.0,0.0,True,False,SELECTED,0.00032,0.001,27,32,1,414,96,72,6,3,3,0.0034307999994780403,14.610344500000792,12.00541570000496,0.0,8e7e514acdcceaf4315158017b9223f44ea1a6235d85b087ecd22caed333e967,0.02864677547826849,"{""source"": ""journal_results\\exp1_csi\\smoke\\20261003T192805902803_e829ba08df53\\joint_radius.json"", ""sha256"": ""ef4f0cdf84db4c4f5f8f82578afb09d770e38ba419bc67388cb7d34a6da2aca3"", ""quantile"": 0.99, ""scope_fingerprint"": ""3080a6c61690f2af638ad0b379044abc6a35745d85d5738086bc4095287eae88"", ""interpretation"": ""Offline maximum of empirical all-user joint quantiles across declared calibration drops and phase profiles. Transfer to unseen trajectories/configurations is empirical; no deterministic or horizon guarantee.""}",0.0519744873046875,0.02864677547826849,0,VALIDATED,0.0,0.02864677547826849,0.02864677547826849,True,True,14.620548799997778,6.460471358754873,True,175024208.8610796,16.384609284942755,15.724609284942755,0.66,10682232.68661796,962b9c2ef8e1cbcad9f787c0ee0599d3e47bf10387f28178d205a8f73111c2ac,82d9ae43857b9df5f537a67cade03c17a2287859006d58160a20d1b1555e7b20,b9dc0687863836196db7c50121290e1133ef397be27eac408d9d38963403614d,232208054
60001,medium,0.995,1,0.1,certificate_triggered,8e7e514acdcceaf4315158017b9223f44ea1a6235d85b087ecd22caed333e967,4e76c2e2fc197175ba9919d0b101f065bfb688045513cfc2e775830f452a497f,0.0519744873046875,True,certificate_threshold,0.06091257257358114,0.030391724268587602,0.09130429684216874,0.04677703857421875,0.04677703857421875,True,True,SELECTED,0.00029,0.001,23,29,1,426,140,116,7,4,2,0.004721499997685896,20.712989699997706,18.090307999998913,0.0,4e76c2e2fc197175ba9919d0b101f065bfb688045513cfc2e775830f452a497f,0.02864677547826849,"{""source"": ""journal_results\\exp1_csi\\smoke\\20261003T192805902803_e829ba08df53\\joint_radius.json"", ""sha256"": ""ef4f0cdf84db4c4f5f8f82578afb09d770e38ba419bc67388cb7d34a6da2aca3"", ""quantile"": 0.99, ""scope_fingerprint"": ""3080a6c61690f2af638ad0b379044abc6a35745d85d5738086bc4095287eae88"", ""interpretation"": ""Offline maximum of empirical all-user joint quantiles across declared calibration drops and phase profiles. Transfer to unseen trajectories/configurations is empirical; no deterministic or horizon guarantee.""}",0.06207275390625,0.02864677547826849,1,VALIDATED,0.0,0.02864677547826849,0.02864677547826849,True,True,20.72689530000207,10.625057050483699,True,213099927.92205134,17.335959065755134,16.679959065755135,0.656,12292364.507424438,962b9c2ef8e1cbcad9f787c0ee0599d3e47bf10387f28178d205a8f73111c2ac,82d9ae43857b9df5f537a67cade03c17a2287859006d58160a20d1b1555e7b20,dd7a09d1000952798fe62e55f07a49bcaee72fd96db55215fab9bad1edea2159,3411377875
60001,medium,0.995,2,0.2,certificate_triggered,4e76c2e2fc197175ba9919d0b101f065bfb688045513cfc2e775830f452a497f,3aa639aae0ee24bf188a2e590cf44b8e8a08b02b3b218a043f2f29fe5fdee3ea,0.06207275390625,True,certificate_threshold,0.17919380227070994,0.033780100099014755,0.2129739023697247,0.055865478515625004,0.055865478515625004,True,True,SELECTED,0.00032,0.001,24,32,1,414,96,72,4,2,1,0.0034524000002420507,14.31028470000092,11.603476600008435,0.0,3aa639aae0ee24bf188a2e590cf44b8e8a08b02b3b218a043f2f29fe5fdee3ea,0.02864677547826849,"{""source"": ""journal_results\\exp1_csi\\smoke\\20261003T192805902803_e829ba08df53\\joint_radius.json"", ""sha256"": ""ef4f0cdf84db4c4f5f8f82578afb09d770e38ba419bc67388cb7d34a6da2aca3"", ""quantile"": 0.99, ""scope_fingerprint"": ""3080a6c61690f2af638ad0b379044abc6a35745d85d5738086bc4095287eae88"", ""interpretation"": ""Offline maximum of empirical all-user joint quantiles across declared calibration drops and phase profiles. Transfer to unseen trajectories/configurations is empirical; no deterministic or horizon guarantee.""}",0.03699951171875,0.02864677547826849,2,VALIDATED,0.0,0.02864677547826849,0.02864677547826849,True,True,14.320911499999056,6.544851125970926,True,175264980.96678367,16.83831682847969,16.214316828479692,0.624,10408699.560180929,962b9c2ef8e1cbcad9f787c0ee0599d3e47bf10387f28178d205a8f73111c2ac,82d9ae43857b9df5f537a67cade03c17a2287859006d58160a20d1b1555e7b20,3c19aee0d804f6aeedb586fa2cd112c5d7a3815ad6f1f7e2275368ea3e64e49d,1327477118
60001,medium,0.995,0,0.0,static,,8e7e514acdcceaf4315158017b9223f44ea1a6235d85b087ecd22caed333e967,,True,initial_design,0.0,0.0,0.0,0.0,0.0,True,False,SELECTED,0.00032,0.001,27,32,1,414,96,72,6,3,3,0.0035901000010198914,15.197988799998711,12.446376099978806,0.0,8e7e514acdcceaf4315158017b9223f44ea1a6235d85b087ecd22caed333e967,0.02864677547826849,"{""source"": ""journal_results\\exp1_csi\\smoke\\20261003T192805902803_e829ba08df53\\joint_radius.json"", ""sha256"": ""ef4f0cdf84db4c4f5f8f82578afb09d770e38ba419bc67388cb7d34a6da2aca3"", ""quantile"": 0.99, ""scope_fingerprint"": ""3080a6c61690f2af638ad0b379044abc6a35745d85d5738086bc4095287eae88"", ""interpretation"": ""Offline maximum of empirical all-user joint quantiles across declared calibration drops and phase profiles. Transfer to unseen trajectories/configurations is empirical; no deterministic or horizon guarantee.""}",0.0519744873046875,0.02864677547826849,0,VALIDATED,0.0,0.02864677547826849,0.02864677547826849,True,True,15.209891599999537,6.460471358754873,True,175024208.8610796,16.384609284942755,15.724609284942755,0.66,10682232.68661796,962b9c2ef8e1cbcad9f787c0ee0599d3e47bf10387f28178d205a8f73111c2ac,82d9ae43857b9df5f537a67cade03c17a2287859006d58160a20d1b1555e7b20,b9dc0687863836196db7c50121290e1133ef397be27eac408d9d38963403614d,232208054
60001,medium,0.995,1,0.1,static,8e7e514acdcceaf4315158017b9223f44ea1a6235d85b087ecd22caed333e967,,0.0519744873046875,False,static_baseline,0.06091257257358114,0.030391724268587602,0.09130429684216874,0.04677703857421875,0.04677703857421875,False,False,REUSE,0.0,0.0,0,0,0,0,0,0,0,0,0,0.0,0.0,0.0,0.0,8e7e514acdcceaf4315158017b9223f44ea1a6235d85b087ecd22caed333e967,0.02864677547826849,"{""source"": ""journal_results\\exp1_csi\\smoke\\20261003T192805902803_e829ba08df53\\joint_radius.json"", ""sha256"": ""ef4f0cdf84db4c4f5f8f82578afb09d770e38ba419bc67388cb7d34a6da2aca3"", ""quantile"": 0.99, ""scope_fingerprint"": ""3080a6c61690f2af638ad0b379044abc6a35745d85d5738086bc4095287eae88"", ""interpretation"": ""Offline maximum of empirical all-user joint quantiles across declared calibration drops and phase profiles. Transfer to unseen trajectories/configurations is empirical; no deterministic or horizon guarantee.""}",0.0519744873046875,0.02864677547826849,0,VALIDATED,0.06091257257358114,0.09130429684216874,0.030391724268587602,False,False,0.0015668000014557038,5.895866716925161,True,172809257.65195653,16.384609284942755,15.724609284942755,0.66,10547047.820710989,962b9c2ef8e1cbcad9f787c0ee0599d3e47bf10387f28178d205a8f73111c2ac,82d9ae43857b9df5f537a67cade03c17a2287859006d58160a20d1b1555e7b20,dd7a09d1000952798fe62e55f07a49bcaee72fd96db55215fab9bad1edea2159,3411377875
60001,medium,0.995,2,0.2,static,8e7e514acdcceaf4315158017b9223f44ea1a6235d85b087ecd22caed333e967,,0.0519744873046875,False,static_baseline,0.07900163169432757,0.030909917483832754,0.10991154917816032,0.04677703857421875,0.04677703857421875,False,False,REUSE,0.0,0.0,0,0,0,0,0,0,0,0,0,0.0,0.0,0.0,0.0,8e7e514acdcceaf4315158017b9223f44ea1a6235d85b087ecd22caed333e967,0.02864677547826849,"{""source"": ""journal_results\\exp1_csi\\smoke\\20261003T192805902803_e829ba08df53\\joint_radius.json"", ""sha256"": ""ef4f0cdf84db4c4f5f8f82578afb09d770e38ba419bc67388cb7d34a6da2aca3"", ""quantile"": 0.99, ""scope_fingerprint"": ""3080a6c61690f2af638ad0b379044abc6a35745d85d5738086bc4095287eae88"", ""interpretation"": ""Offline maximum of empirical all-user joint quantiles across declared calibration drops and phase profiles. Transfer to unseen trajectories/configurations is empirical; no deterministic or horizon guarantee.""}",0.0519744873046875,0.02864677547826849,0,VALIDATED,0.07900163169432757,0.10991154917816032,0.030909917483832754,False,False,0.0005992000005790032,5.650325481041141,True,171701979.75472367,16.384609284942755,15.724609284942755,0.66,10479467.45440647,962b9c2ef8e1cbcad9f787c0ee0599d3e47bf10387f28178d205a8f73111c2ac,82d9ae43857b9df5f537a67cade03c17a2287859006d58160a20d1b1555e7b20,3c19aee0d804f6aeedb586fa2cd112c5d7a3815ad6f1f7e2275368ea3e64e49d,1327477118
60001,fast,0.95,0,0.0,always_reconfigure,,8e7e514acdcceaf4315158017b9223f44ea1a6235d85b087ecd22caed333e967,,True,initial_design,0.0,0.0,0.0,0.0,0.0,True,False,SELECTED,0.00032,0.001,27,32,1,414,96,72,6,3,3,0.0034746000019367784,15.0384152000006,12.300722300013149,0.0,8e7e514acdcceaf4315158017b9223f44ea1a6235d85b087ecd22caed333e967,0.02864677547826849,"{""source"": ""journal_results\\exp1_csi\\smoke\\20261003T192805902803_e829ba08df53\\joint_radius.json"", ""sha256"": ""ef4f0cdf84db4c4f5f8f82578afb09d770e38ba419bc67388cb7d34a6da2aca3"", ""quantile"": 0.99, ""scope_fingerprint"": ""3080a6c61690f2af638ad0b379044abc6a35745d85d5738086bc4095287eae88"", ""interpretation"": ""Offline maximum of empirical all-user joint quantiles across declared calibration drops and phase profiles. Transfer to unseen trajectories/configurations is empirical; no deterministic or horizon guarantee.""}",0.0519744873046875,0.02864677547826849,0,VALIDATED,0.0,0.02864677547826849,0.02864677547826849,True,True,15.051446000001306,6.460471358754873,True,175024208.8610796,16.384609284942755,15.724609284942755,0.66,10682232.68661796,23e49163b5f1430f424a325e04091343d60ae52ff64406a1a45aac9e90e75a19,12fdcdfb1ac1e71b21808a57a2e62881f9a8a608c38407a54f1d05d48fa66157,b9dc0687863836196db7c50121290e1133ef397be27eac408d9d38963403614d,232208054
60001,fast,0.95,1,0.1,always_reconfigure,8e7e514acdcceaf4315158017b9223f44ea1a6235d85b087ecd22caed333e967,949fb5ab45c078bf1d0fd96a87dedf25f05644ea79ceb69d00be42cbf2b0a579,0.0519744873046875,True,every_csi_update,0.19652124929493414,0.0342764755835293,0.23079772487846345,0.04677703857421875,0.04677703857421875,True,True,SELECTED,0.00029,0.001,23,29,1,420,110,86,5,4,0,0.00449280000248109,14.143959500001074,11.590587300008337,0.0,949fb5ab45c078bf1d0fd96a87dedf25f05644ea79ceb69d00be42cbf2b0a579,0.02864677547826849,"{""source"": ""journal_results\\exp1_csi\\smoke\\20261003T192805902803_e829ba08df53\\joint_radius.json"", ""sha256"": ""ef4f0cdf84db4c4f5f8f82578afb09d770e38ba419bc67388cb7d34a6da2aca3"", ""quantile"": 0.99, ""scope_fingerprint"": ""3080a6c61690f2af638ad0b379044abc6a35745d85d5738086bc4095287eae88"", ""interpretation"": ""Offline maximum of empirical all-user joint quantiles across declared calibration drops and phase profiles. Transfer to unseen trajectories/configurations is empirical; no deterministic or horizon guarantee.""}",0.06502685546875,0.02864677547826849,1,VALIDATED,0.0,0.02864677547826849,0.02864677547826849,True,True,14.156383900000947,10.640620385485919,True,213240446.55312777,17.15421726581773,16.498217265817733,0.656,12430788.49059702,23e49163b5f1430f424a325e04091343d60ae52ff64406a1a45aac9e90e75a19,12fdcdfb1ac1e71b21808a57a2e62881f9a8a608c38407a54f1d05d48fa66157,59372a812f07e520d9ac5ad7b85c3292fc3026460d9f8199c32c27c51e8f0852,3411377875
60001,fast,0.95,2,0.2,always_reconfigure,949fb5ab45c078bf1d0fd96a87dedf25f05644ea79ceb69d00be42cbf2b0a579,e086bb864900ac81e52f629f8d4fab3f68e577a16194e535a9e204460552a5e3,0.06502685546875,True,every_csi_update,0.47408517288418084,0.04222778698345772,0.5163129598676386,0.05852416992187501,0.05852416992187501,True,True,SELECTED,0.00032,0.001,24,32,1,414,110,86,5,4,0,0.0034887999972852413,18.428285199999664,15.857711600012408,0.0,e086bb864900ac81e52f629f8d4fab3f68e577a16194e535a9e204460552a5e3,0.02864677547826849,"{""source"": ""journal_results\\exp1_csi\\smoke\\20261003T192805902803_e829ba08df53\\joint_radius.json"", ""sha256"": ""ef4f0cdf84db4c4f5f8f82578afb09d770e38ba419bc67388cb7d34a6da2aca3"", ""quantile"": 0.99, ""scope_fingerprint"": ""3080a6c61690f2af638ad0b379044abc6a35745d85d5738086bc4095287eae88"", ""interpretation"": ""Offline maximum of empirical all-user joint quantiles across declared calibration drops and phase profiles. Transfer to unseen trajectories/configurations is empirical; no deterministic or horizon guarantee.""}",0.0342557144165039,0.02864677547826849,2,VALIDATED,0.0,0.02864677547826849,0.02864677547826849,True,True,18.439333400001487,6.538310281075375,True,175201728.7954809,17.017742724454628,16.39374272445463,0.624,10295239.012146696,23e49163b5f1430f424a325e04091343d60ae52ff64406a1a45aac9e90e75a19,12fdcdfb1ac1e71b21808a57a2e62881f9a8a608c38407a54f1d05d48fa66157,e7144c71bce6da55d4d696e1702cd9867f50af74132346e759d007b674a998b7,1327477118
60001,fast,0.95,0,0.0,periodic_short,,8e7e514acdcceaf4315158017b9223f44ea1a6235d85b087ecd22caed333e967,,True,initial_design,0.0,0.0,0.0,0.0,0.0,True,False,SELECTED,0.00032,0.001,27,32,1,414,96,72,6,3,3,0.003361100003530737,14.612227199999325,12.099209399992105,0.0,8e7e514acdcceaf4315158017b9223f44ea1a6235d85b087ecd22caed333e967,0.02864677547826849,"{""source"": ""journal_results\\exp1_csi\\smoke\\20261003T192805902803_e829ba08df53\\joint_radius.json"", ""sha256"": ""ef4f0cdf84db4c4f5f8f82578afb09d770e38ba419bc67388cb7d34a6da2aca3"", ""quantile"": 0.99, ""scope_fingerprint"": ""3080a6c61690f2af638ad0b379044abc6a35745d85d5738086bc4095287eae88"", ""interpretation"": ""Offline maximum of empirical all-user joint quantiles across declared calibration drops and phase profiles. Transfer to unseen trajectories/configurations is empirical; no deterministic or horizon guarantee.""}",0.0519744873046875,0.02864677547826849,0,VALIDATED,0.0,0.02864677547826849,0.02864677547826849,True,True,14.622343299997738,6.460471358754873,True,175024208.8610796,16.384609284942755,15.724609284942755,0.66,10682232.68661796,23e49163b5f1430f424a325e04091343d60ae52ff64406a1a45aac9e90e75a19,12fdcdfb1ac1e71b21808a57a2e62881f9a8a608c38407a54f1d05d48fa66157,b9dc0687863836196db7c50121290e1133ef397be27eac408d9d38963403614d,232208054
60001,fast,0.95,1,0.1,periodic_short,8e7e514acdcceaf4315158017b9223f44ea1a6235d85b087ecd22caed333e967,949fb5ab45c078bf1d0fd96a87dedf25f05644ea79ceb69d00be42cbf2b0a579,0.0519744873046875,True,period_elapsed,0.19652124929493414,0.0342764755835293,0.23079772487846345,0.04677703857421875,0.04677703857421875,True,True,SELECTED,0.00029,0.001,23,29,1,420,110,86,5,4,0,0.00537619999886374,14.006430500001443,11.52670229999785,0.0,949fb5ab45c078bf1d0fd96a87dedf25f05644ea79ceb69d00be42cbf2b0a579,0.02864677547826849,"{""source"": ""journal_results\\exp1_csi\\smoke\\20261003T192805902803_e829ba08df53\\joint_radius.json"", ""sha256"": ""ef4f0cdf84db4c4f5f8f82578afb09d770e38ba419bc67388cb7d34a6da2aca3"", ""quantile"": 0.99, ""scope_fingerprint"": ""3080a6c61690f2af638ad0b379044abc6a35745d85d5738086bc4095287eae88"", ""interpretation"": ""Offline maximum of empirical all-user joint quantiles across declared calibration drops and phase profiles. Transfer to unseen trajectories/configurations is empirical; no deterministic or horizon guarantee.""}",0.06502685546875,0.02864677547826849,1,VALIDATED,0.0,0.02864677547826849,0.02864677547826849,True,True,14.0202767999981,10.640620385485919,True,213240446.55312777,17.15421726581773,16.498217265817733,0.656,12430788.49059702,23e49163b5f1430f424a325e04091343d60ae52ff64406a1a45aac9e90e75a19,12fdcdfb1ac1e71b21808a57a2e62881f9a8a608c38407a54f1d05d48fa66157,59372a812f07e520d9ac5ad7b85c3292fc3026460d9f8199c32c27c51e8f0852,3411377875
60001,fast,0.95,2,0.2,periodic_short,949fb5ab45c078bf1d0fd96a87dedf25f05644ea79ceb69d00be42cbf2b0a579,e086bb864900ac81e52f629f8d4fab3f68e577a16194e535a9e204460552a5e3,0.06502685546875,True,period_elapsed,0.47408517288418084,0.04222778698345772,0.5163129598676386,0.05852416992187501,0.05852416992187501,True,True,SELECTED,0.00032,0.001,24,32,1,414,110,86,5,4,0,0.003479600003629457,18.600546100002248,16.040794499986077,0.0,e086bb864900ac81e52f629f8d4fab3f68e577a16194e535a9e204460552a5e3,0.02864677547826849,"{""source"": ""journal_results\\exp1_csi\\smoke\\20261003T192805902803_e829ba08df53\\joint_radius.json"", ""sha256"": ""ef4f0cdf84db4c4f5f8f82578afb09d770e38ba419bc67388cb7d34a6da2aca3"", ""quantile"": 0.99, ""scope_fingerprint"": ""3080a6c61690f2af638ad0b379044abc6a35745d85d5738086bc4095287eae88"", ""interpretation"": ""Offline maximum of empirical all-user joint quantiles across declared calibration drops and phase profiles. Transfer to unseen trajectories/configurations is empirical; no deterministic or horizon guarantee.""}",0.0342557144165039,0.02864677547826849,2,VALIDATED,0.0,0.02864677547826849,0.02864677547826849,True,True,18.61147649999839,6.538310281075375,True,175201728.7954809,17.017742724454628,16.39374272445463,0.624,10295239.012146696,23e49163b5f1430f424a325e04091343d60ae52ff64406a1a45aac9e90e75a19,12fdcdfb1ac1e71b21808a57a2e62881f9a8a608c38407a54f1d05d48fa66157,e7144c71bce6da55d4d696e1702cd9867f50af74132346e759d007b674a998b7,1327477118
60001,fast,0.95,0,0.0,periodic_long,,8e7e514acdcceaf4315158017b9223f44ea1a6235d85b087ecd22caed333e967,,True,initial_design,0.0,0.0,0.0,0.0,0.0,True,False,SELECTED,0.00032,0.001,27,32,1,414,96,72,6,3,3,0.0038425999991886783,14.510690800001612,11.915939999973489,0.0,8e7e514acdcceaf4315158017b9223f44ea1a6235d85b087ecd22caed333e967,0.02864677547826849,"{""source"": ""journal_results\\exp1_csi\\smoke\\20261003T192805902803_e829ba08df53\\joint_radius.json"", ""sha256"": ""ef4f0cdf84db4c4f5f8f82578afb09d770e38ba419bc67388cb7d34a6da2aca3"", ""quantile"": 0.99, ""scope_fingerprint"": ""3080a6c61690f2af638ad0b379044abc6a35745d85d5738086bc4095287eae88"", ""interpretation"": ""Offline maximum of empirical all-user joint quantiles across declared calibration drops and phase profiles. Transfer to unseen trajectories/configurations is empirical; no deterministic or horizon guarantee.""}",0.0519744873046875,0.02864677547826849,0,VALIDATED,0.0,0.02864677547826849,0.02864677547826849,True,True,14.522155799997563,6.460471358754873,True,175024208.8610796,16.384609284942755,15.724609284942755,0.66,10682232.68661796,23e49163b5f1430f424a325e04091343d60ae52ff64406a1a45aac9e90e75a19,12fdcdfb1ac1e71b21808a57a2e62881f9a8a608c38407a54f1d05d48fa66157,b9dc0687863836196db7c50121290e1133ef397be27eac408d9d38963403614d,232208054
60001,fast,0.95,1,0.1,periodic_long,8e7e514acdcceaf4315158017b9223f44ea1a6235d85b087ecd22caed333e967,,0.0519744873046875,False,period_pending,0.19652124929493414,0.0342764755835293,0.23079772487846345,0.04677703857421875,0.04677703857421875,False,False,REUSE,0.0,0.0,0,0,0,0,0,0,0,0,0,0.0,0.0,0.0,0.0,8e7e514acdcceaf4315158017b9223f44ea1a6235d85b087ecd22caed333e967,0.02864677547826849,"{""source"": ""journal_results\\exp1_csi\\smoke\\20261003T192805902803_e829ba08df53\\joint_radius.json"", ""sha256"": ""ef4f0cdf84db4c4f5f8f82578afb09d770e38ba419bc67388cb7d34a6da2aca3"", ""quantile"": 0.99, ""scope_fingerprint"": ""3080a6c61690f2af638ad0b379044abc6a35745d85d5738086bc4095287eae88"", ""interpretation"": ""Offline maximum of empirical all-user joint quantiles across declared calibration drops and phase profiles. Transfer to unseen trajectories/configurations is empirical; no deterministic or horizon guarantee.""}",0.0519744873046875,0.02864677547826849,0,VALIDATED,0.19652124929493414,0.23079772487846345,0.0342764755835293,False,False,0.0005736999992222991,3.3549079694923156,True,154359368.662908,16.384609284942755,15.724609284942755,0.66,9420997.838792669,23e49163b5f1430f424a325e04091343d60ae52ff64406a1a45aac9e90e75a19,12fdcdfb1ac1e71b21808a57a2e62881f9a8a608c38407a54f1d05d48fa66157,59372a812f07e520d9ac5ad7b85c3292fc3026460d9f8199c32c27c51e8f0852,3411377875
60001,fast,0.95,2,0.2,periodic_long,8e7e514acdcceaf4315158017b9223f44ea1a6235d85b087ecd22caed333e967,e086bb864900ac81e52f629f8d4fab3f68e577a16194e535a9e204460552a5e3,0.0519744873046875,True,period_elapsed,0.25181399675180877,0.03586043450550298,0.28767443125731174,0.04677703857421875,0.04677703857421875,True,True,SELECTED,0.00035000000000000005,0.001,25,35,1,414,110,86,5,4,0,0.0034304000000702217,18.69406770000205,16.175200500001665,0.0,e086bb864900ac81e52f629f8d4fab3f68e577a16194e535a9e204460552a5e3,0.02864677547826849,"{""source"": ""journal_results\\exp1_csi\\smoke\\20261003T192805902803_e829ba08df53\\joint_radius.json"", ""sha256"": ""ef4f0cdf84db4c4f5f8f82578afb09d770e38ba419bc67388cb7d34a6da2aca3"", ""quantile"": 0.99, ""scope_fingerprint"": ""3080a6c61690f2af638ad0b379044abc6a35745d85d5738086bc4095287eae88"", ""interpretation"": ""Offline maximum of empirical all-user joint quantiles across declared calibration drops and phase profiles. Transfer to unseen trajectories/configurations is empirical; no deterministic or horizon guarantee.""}",0.0342557144165039,0.02864677547826849,2,VALIDATED,0.0,0.02864677547826849,0.02864677547826849,True,True,18.705180000000837,6.538310281075375,True,175201728.7954809,17.017742724454628,16.39374272445463,0.624,10295239.012146696,23e49163b5f1430f424a325e04091343d60ae52ff64406a1a45aac9e90e75a19,12fdcdfb1ac1e71b21808a57a2e62881f9a8a608c38407a54f1d05d48fa66157,e7144c71bce6da55d4d696e1702cd9867f50af74132346e759d007b674a998b7,1327477118
60001,fast,0.95,0,0.0,certificate_triggered,,8e7e514acdcceaf4315158017b9223f44ea1a6235d85b087ecd22caed333e967,,True,initial_design,0.0,0.0,0.0,0.0,0.0,True,False,SELECTED,0.00032,0.001,27,32,1,414,96,72,6,3,3,0.0035151000010955613,15.186333099998592,12.605433700002322,0.0,8e7e514acdcceaf4315158017b9223f44ea1a6235d85b087ecd22caed333e967,0.02864677547826849,"{""source"": ""journal_results\\exp1_csi\\smoke\\20261003T192805902803_e829ba08df53\\joint_radius.json"", ""sha256"": ""ef4f0cdf84db4c4f5f8f82578afb09d770e38ba419bc67388cb7d34a6da2aca3"", ""quantile"": 0.99, ""scope_fingerprint"": ""3080a6c61690f2af638ad0b379044abc6a35745d85d5738086bc4095287eae88"", ""interpretation"": ""Offline maximum of empirical all-user joint quantiles across declared calibration drops and phase profiles. Transfer to unseen trajectories/configurations is empirical; no deterministic or horizon guarantee.""}",0.0519744873046875,0.02864677547826849,0,VALIDATED,0.0,0.02864677547826849,0.02864677547826849,True,True,15.197808400000213,6.460471358754873,True,175024208.8610796,16.384609284942755,15.724609284942755,0.66,10682232.68661796,23e49163b5f1430f424a325e04091343d60ae52ff64406a1a45aac9e90e75a19,12fdcdfb1ac1e71b21808a57a2e62881f9a8a608c38407a54f1d05d48fa66157,b9dc0687863836196db7c50121290e1133ef397be27eac408d9d38963403614d,232208054
60001,fast,0.95,1,0.1,certificate_triggered,8e7e514acdcceaf4315158017b9223f44ea1a6235d85b087ecd22caed333e967,949fb5ab45c078bf1d0fd96a87dedf25f05644ea79ceb69d00be42cbf2b0a579,0.0519744873046875,True,certificate_threshold,0.19652124929493414,0.0342764755835293,0.23079772487846345,0.04677703857421875,0.04677703857421875,True,True,SELECTED,0.00029,0.001,23,29,1,420,110,86,5,4,0,0.004706699997768737,14.111508399997547,11.665444300018862,0.0,949fb5ab45c078bf1d0fd96a87dedf25f05644ea79ceb69d00be42cbf2b0a579,0.02864677547826849,"{""source"": ""journal_results\\exp1_csi\\smoke\\20261003T192805902803_e829ba08df53\\joint_radius.json"", ""sha256"": ""ef4f0cdf84db4c4f5f8f82578afb09d770e38ba419bc67388cb7d34a6da2aca3"", ""quantile"": 0.99, ""scope_fingerprint"": ""3080a6c61690f2af638ad0b379044abc6a35745d85d5738086bc4095287eae88"", ""interpretation"": ""Offline maximum of empirical all-user joint quantiles across declared calibration drops and phase profiles. Transfer to unseen trajectories/configurations is empirical; no deterministic or horizon guarantee.""}",0.06502685546875,0.02864677547826849,1,VALIDATED,0.0,0.02864677547826849,0.02864677547826849,True,True,14.12441949999993,10.640620385485919,True,213240446.55312777,17.15421726581773,16.498217265817733,0.656,12430788.49059702,23e49163b5f1430f424a325e04091343d60ae52ff64406a1a45aac9e90e75a19,12fdcdfb1ac1e71b21808a57a2e62881f9a8a608c38407a54f1d05d48fa66157,59372a812f07e520d9ac5ad7b85c3292fc3026460d9f8199c32c27c51e8f0852,3411377875
60001,fast,0.95,2,0.2,certificate_triggered,949fb5ab45c078bf1d0fd96a87dedf25f05644ea79ceb69d00be42cbf2b0a579,e086bb864900ac81e52f629f8d4fab3f68e577a16194e535a9e204460552a5e3,0.06502685546875,True,certificate_threshold,0.47408517288418084,0.04222778698345772,0.5163129598676386,0.05852416992187501,0.05852416992187501,True,True,SELECTED,0.00032,0.001,24,32,1,414,110,86,5,4,0,0.003415399998630164,18.460166100001516,15.908009800015861,0.0,e086bb864900ac81e52f629f8d4fab3f68e577a16194e535a9e204460552a5e3,0.02864677547826849,"{""source"": ""journal_results\\exp1_csi\\smoke\\20261003T192805902803_e829ba08df53\\joint_radius.json"", ""sha256"": ""ef4f0cdf84db4c4f5f8f82578afb09d770e38ba419bc67388cb7d34a6da2aca3"", ""quantile"": 0.99, ""scope_fingerprint"": ""3080a6c61690f2af638ad0b379044abc6a35745d85d5738086bc4095287eae88"", ""interpretation"": ""Offline maximum of empirical all-user joint quantiles across declared calibration drops and phase profiles. Transfer to unseen trajectories/configurations is empirical; no deterministic or horizon guarantee.""}",0.0342557144165039,0.02864677547826849,2,VALIDATED,0.0,0.02864677547826849,0.02864677547826849,True,True,18.471514700002444,6.538310281075375,True,175201728.7954809,17.017742724454628,16.39374272445463,0.624,10295239.012146696,23e49163b5f1430f424a325e04091343d60ae52ff64406a1a45aac9e90e75a19,12fdcdfb1ac1e71b21808a57a2e62881f9a8a608c38407a54f1d05d48fa66157,e7144c71bce6da55d4d696e1702cd9867f50af74132346e759d007b674a998b7,1327477118
60001,fast,0.95,0,0.0,static,,8e7e514acdcceaf4315158017b9223f44ea1a6235d85b087ecd22caed333e967,,True,initial_design,0.0,0.0,0.0,0.0,0.0,True,False,SELECTED,0.00032,0.001,27,32,1,414,96,72,6,3,3,0.0036125999977230094,14.762632400001166,12.039565699971718,0.0,8e7e514acdcceaf4315158017b9223f44ea1a6235d85b087ecd22caed333e967,0.02864677547826849,"{""source"": ""journal_results\\exp1_csi\\smoke\\20261003T192805902803_e829ba08df53\\joint_radius.json"", ""sha256"": ""ef4f0cdf84db4c4f5f8f82578afb09d770e38ba419bc67388cb7d34a6da2aca3"", ""quantile"": 0.99, ""scope_fingerprint"": ""3080a6c61690f2af638ad0b379044abc6a35745d85d5738086bc4095287eae88"", ""interpretation"": ""Offline maximum of empirical all-user joint quantiles across declared calibration drops and phase profiles. Transfer to unseen trajectories/configurations is empirical; no deterministic or horizon guarantee.""}",0.0519744873046875,0.02864677547826849,0,VALIDATED,0.0,0.02864677547826849,0.02864677547826849,True,True,14.77408419999847,6.460471358754873,True,175024208.8610796,16.384609284942755,15.724609284942755,0.66,10682232.68661796,23e49163b5f1430f424a325e04091343d60ae52ff64406a1a45aac9e90e75a19,12fdcdfb1ac1e71b21808a57a2e62881f9a8a608c38407a54f1d05d48fa66157,b9dc0687863836196db7c50121290e1133ef397be27eac408d9d38963403614d,232208054
60001,fast,0.95,1,0.1,static,8e7e514acdcceaf4315158017b9223f44ea1a6235d85b087ecd22caed333e967,,0.0519744873046875,False,static_baseline,0.19652124929493414,0.0342764755835293,0.23079772487846345,0.04677703857421875,0.04677703857421875,False,False,REUSE,0.0,0.0,0,0,0,0,0,0,0,0,0,0.0,0.0,0.0,0.0,8e7e514acdcceaf4315158017b9223f44ea1a6235d85b087ecd22caed333e967,0.02864677547826849,"{""source"": ""journal_results\\exp1_csi\\smoke\\20261003T192805902803_e829ba08df53\\joint_radius.json"", ""sha256"": ""ef4f0cdf84db4c4f5f8f82578afb09d770e38ba419bc67388cb7d34a6da2aca3"", ""quantile"": 0.99, ""scope_fingerprint"": ""3080a6c61690f2af638ad0b379044abc6a35745d85d5738086bc4095287eae88"", ""interpretation"": ""Offline maximum of empirical all-user joint quantiles across declared calibration drops and phase profiles. Transfer to unseen trajectories/configurations is empirical; no deterministic or horizon guarantee.""}",0.0519744873046875,0.02864677547826849,0,VALIDATED,0.19652124929493414,0.23079772487846345,0.0342764755835293,False,False,0.0005821999984618742,3.3549079694923156,True,154359368.662908,16.384609284942755,15.724609284942755,0.66,9420997.838792669,23e49163b5f1430f424a325e04091343d60ae52ff64406a1a45aac9e90e75a19,12fdcdfb1ac1e71b21808a57a2e62881f9a8a608c38407a54f1d05d48fa66157,59372a812f07e520d9ac5ad7b85c3292fc3026460d9f8199c32c27c51e8f0852,3411377875
60001,fast,0.95,2,0.2,static,8e7e514acdcceaf4315158017b9223f44ea1a6235d85b087ecd22caed333e967,,0.0519744873046875,False,static_baseline,0.25181399675180877,0.03586043450550298,0.28767443125731174,0.04677703857421875,0.04677703857421875,False,False,REUSE,0.0,0.0,0,0,0,0,0,0,0,0,0,0.0,0.0,0.0,0.0,8e7e514acdcceaf4315158017b9223f44ea1a6235d85b087ecd22caed333e967,0.02864677547826849,"{""source"": ""journal_results\\exp1_csi\\smoke\\20261003T192805902803_e829ba08df53\\joint_radius.json"", ""sha256"": ""ef4f0cdf84db4c4f5f8f82578afb09d770e38ba419bc67388cb7d34a6da2aca3"", ""quantile"": 0.99, ""scope_fingerprint"": ""3080a6c61690f2af638ad0b379044abc6a35745d85d5738086bc4095287eae88"", ""interpretation"": ""Offline maximum of empirical all-user joint quantiles across declared calibration drops and phase profiles. Transfer to unseen trajectories/configurations is empirical; no deterministic or horizon guarantee.""}",0.0519744873046875,0.02864677547826849,0,VALIDATED,0.25181399675180877,0.28767443125731174,0.03586043450550298,False,False,0.00073319999864907,2.5504616691551845,True,149729298.03772098,16.384609284942755,15.724609284942755,0.66,9138411.263509365,23e49163b5f1430f424a325e04091343d60ae52ff64406a1a45aac9e90e75a19,12fdcdfb1ac1e71b21808a57a2e62881f9a8a608c38407a54f1d05d48fa66157,e7144c71bce6da55d4d696e1702cd9867f50af74132346e759d007b674a998b7,1327477118
