seed,estimator,N,bits,phase_profile,phase_seed,scope,scope_fingerprint,calibration_seed,estimation_snr_db,nmse_db_target,target_nmse,measured_nmse,measured_nmse_db,sample_count,interpretation,epsilon_90,epsilon_joint_90,epsilon_95,epsilon_joint_95,epsilon_99,epsilon_joint_99,epsilon_est
60001,isotropic_effective,16,2,0,3387052587,"{""L"": 2, ""K"": 3, ""M"": 12, ""N"": 16, ""bits"": 2, ""bs_x"": [-100.0, 100.0], ""bs_y"": [0.0, 0.0], ""ue_center_x"": [-15.0, 15.0], ""ue_center_y"": [0.0, 0.0], ""ue_radius"": 7.0, ""ris_x"": 0.0, ""ris_y"": 0.0, ""c0_db"": -30.0, ""alpha_bu"": 4.5, ""alpha_br"": 2.2, ""alpha_ru"": 2.2, ""rician_k"": 3.0, ""channel_scale"": 100000.0, ""direct_link_attenuation"": 0.25, ""include_direct_intercell"": true, ""inter_ris_attenuation"": 1.0, ""ris_size_model"": ""growing_aperture"", ""ris_reference_N"": 32, ""radius_floor"": 1e-10, ""estimation_snr_db"": 10.0, ""nmse_db"": null}",f84586cf0e75dce9cdfc73e5ee9fd75f6d49493f83cac747dce1927cabbb6b42,3173582256,10.0,,0.1,0.09849930663791509,-10.065668266027668,100,empirically calibrated per-slot radius; Gaussian errors are unbounded; no deterministic or horizon guarantee,0.3431766817069719,0.36752290185743725,0.35500402926804137,0.38456216335948834,0.37727123414958685,0.4062970289787432,0.4062970289787432
60001,physical_pilot,16,2,0,3387052587,"{""L"": 2, ""K"": 3, ""M"": 12, ""N"": 16, ""bits"": 2, ""bs_x"": [-100.0, 100.0], ""bs_y"": [0.0, 0.0], ""ue_center_x"": [-15.0, 15.0], ""ue_center_y"": [0.0, 0.0], ""ue_radius"": 7.0, ""ris_x"": 0.0, ""ris_y"": 0.0, ""c0_db"": -30.0, ""alpha_bu"": 4.5, ""alpha_br"": 2.2, ""alpha_ru"": 2.2, ""rician_k"": 3.0, ""channel_scale"": 100000.0, ""direct_link_attenuation"": 0.25, ""include_direct_intercell"": true, ""inter_ris_attenuation"": 1.0, ""ris_size_model"": ""growing_aperture"", ""ris_reference_N"": 32, ""radius_floor"": 1e-10, ""estimation_snr_db"": 10.0, ""nmse_db"": null}",f84586cf0e75dce9cdfc73e5ee9fd75f6d49493f83cac747dce1927cabbb6b42,3173582256,10.0,,0.1,0.0709330878591905,-11.491511340325092,100,empirically calibrated per-slot radius; Gaussian errors are unbounded; no deterministic or horizon guarantee,0.5295365599385204,0.6395374223331985,0.57190101523769,0.6693772086033827,0.6556543757999629,0.7875135415698229,0.7875135415698229
60001,isotropic_effective,16,2,0,3387052587,"{""L"": 2, ""K"": 3, ""M"": 12, ""N"": 16, ""bits"": 2, ""bs_x"": [-100.0, 100.0], ""bs_y"": [0.0, 0.0], ""ue_center_x"": [-15.0, 15.0], ""ue_center_y"": [0.0, 0.0], ""ue_radius"": 7.0, ""ris_x"": 0.0, ""ris_y"": 0.0, ""c0_db"": -30.0, ""alpha_bu"": 4.5, ""alpha_br"": 2.2, ""alpha_ru"": 2.2, ""rician_k"": 3.0, ""channel_scale"": 100000.0, ""direct_link_attenuation"": 0.25, ""include_direct_intercell"": true, ""inter_ris_attenuation"": 1.0, ""ris_size_model"": ""growing_aperture"", ""ris_reference_N"": 32, ""radius_floor"": 1e-10, ""estimation_snr_db"": 20.0, ""nmse_db"": null}",0b24e2ad40584d516a21c4997f15844484571d6d6dfe08e1fcf2079d765d7971,2241541550,20.0,,0.01,0.009821201148617719,-20.078353940546116,100,empirically calibrated per-slot radius; Gaussian errors are unbounded; no deterministic or horizon guarantee,0.11220355338669531,0.12162845407317577,0.11519734228468341,0.12485333339924658,0.12450370230033776,0.1275713061941161,0.1275713061941161
60001,physical_pilot,16,2,0,3387052587,"{""L"": 2, ""K"": 3, ""M"": 12, ""N"": 16, ""bits"": 2, ""bs_x"": [-100.0, 100.0], ""bs_y"": [0.0, 0.0], ""ue_center_x"": [-15.0, 15.0], ""ue_center_y"": [0.0, 0.0], ""ue_radius"": 7.0, ""ris_x"": 0.0, ""ris_y"": 0.0, ""c0_db"": -30.0, ""alpha_bu"": 4.5, ""alpha_br"": 2.2, ""alpha_ru"": 2.2, ""rician_k"": 3.0, ""channel_scale"": 100000.0, ""direct_link_attenuation"": 0.25, ""include_direct_intercell"": true, ""inter_ris_attenuation"": 1.0, ""ris_size_model"": ""growing_aperture"", ""ris_reference_N"": 32, ""radius_floor"": 1e-10, ""estimation_snr_db"": 20.0, ""nmse_db"": null}",0b24e2ad40584d516a21c4997f15844484571d6d6dfe08e1fcf2079d765d7971,2241541550,20.0,,0.01,0.007011460077012282,-21.5419153447818,100,empirically calibrated per-slot radius; Gaussian errors are unbounded; no deterministic or horizon guarantee,0.1835288772935585,0.23169030514272837,0.20222051684539197,0.24940110730012957,0.2386810476346855,0.2885717532742302,0.2885717532742302
60001,isotropic_effective,16,2,0,3387052587,"{""L"": 2, ""K"": 3, ""M"": 12, ""N"": 16, ""bits"": 2, ""bs_x"": [-100.0, 100.0], ""bs_y"": [0.0, 0.0], ""ue_center_x"": [-15.0, 15.0], ""ue_center_y"": [0.0, 0.0], ""ue_radius"": 7.0, ""ris_x"": 0.0, ""ris_y"": 0.0, ""c0_db"": -30.0, ""alpha_bu"": 4.5, ""alpha_br"": 2.2, ""alpha_ru"": 2.2, ""rician_k"": 3.0, ""channel_scale"": 100000.0, ""direct_link_attenuation"": 0.25, ""include_direct_intercell"": true, ""inter_ris_attenuation"": 1.0, ""ris_size_model"": ""growing_aperture"", ""ris_reference_N"": 32, ""radius_floor"": 1e-10, ""estimation_snr_db"": 30.0, ""nmse_db"": null}",85f1020a51f320b8d8d56cf4283be5a42995c68ecce03ef56fdc254a24a523fb,416555670,30.0,,0.001,0.000998514114571016,-30.006457917477288,100,empirically calibrated per-slot radius; Gaussian errors are unbounded; no deterministic or horizon guarantee,0.0354303247802799,0.038284606278253905,0.03700858773973395,0.03897368347957786,0.03876849253819622,0.03987858364082295,0.03987858364082295
60001,physical_pilot,16,2,0,3387052587,"{""L"": 2, ""K"": 3, ""M"": 12, ""N"": 16, ""bits"": 2, ""bs_x"": [-100.0, 100.0], ""bs_y"": [0.0, 0.0], ""ue_center_x"": [-15.0, 15.0], ""ue_center_y"": [0.0, 0.0], ""ue_radius"": 7.0, ""ris_x"": 0.0, ""ris_y"": 0.0, ""c0_db"": -30.0, ""alpha_bu"": 4.5, ""alpha_br"": 2.2, ""alpha_ru"": 2.2, ""rician_k"": 3.0, ""channel_scale"": 100000.0, ""direct_link_attenuation"": 0.25, ""include_direct_intercell"": true, ""inter_ris_attenuation"": 1.0, ""ris_size_model"": ""growing_aperture"", ""ris_reference_N"": 32, ""radius_floor"": 1e-10, ""estimation_snr_db"": 30.0, ""nmse_db"": null}",85f1020a51f320b8d8d56cf4283be5a42995c68ecce03ef56fdc254a24a523fb,416555670,30.0,,0.001,0.0006960958135057052,-31.57330978186975,100,empirically calibrated per-slot radius; Gaussian errors are unbounded; no deterministic or horizon guarantee,0.05650487782079114,0.07023242192878663,0.06277120785981534,0.0727197731743045,0.07215732639299273,0.07900274626176079,0.07900274626176079
60001,isotropic_effective,16,2,0,3387052587,"{""L"": 2, ""K"": 3, ""M"": 12, ""N"": 16, ""bits"": 2, ""bs_x"": [-100.0, 100.0], ""bs_y"": [0.0, 0.0], ""ue_center_x"": [-15.0, 15.0], ""ue_center_y"": [0.0, 0.0], ""ue_radius"": 7.0, ""ris_x"": 0.0, ""ris_y"": 0.0, ""c0_db"": -30.0, ""alpha_bu"": 4.5, ""alpha_br"": 2.2, ""alpha_ru"": 2.2, ""rician_k"": 3.0, ""channel_scale"": 100000.0, ""direct_link_attenuation"": 0.25, ""include_direct_intercell"": true, ""inter_ris_attenuation"": 1.0, ""ris_size_model"": ""growing_aperture"", ""ris_reference_N"": 32, ""radius_floor"": 1e-10, ""estimation_snr_db"": 40.0, ""nmse_db"": null}",bcd89cb1027b3224e13fc33b09029a995c1290223427b7687b781c4fac8a4f67,3410942173,40.0,,0.0001,9.98094920240469e-05,-40.00828154728264,100,empirically calibrated per-slot radius; Gaussian errors are unbounded; no deterministic or horizon guarantee,0.011342214739895167,0.012145888046758018,0.011795718092483682,0.012363353262625337,0.012362490813051094,0.012541175393422687,0.012541175393422687
60001,physical_pilot,16,2,0,3387052587,"{""L"": 2, ""K"": 3, ""M"": 12, ""N"": 16, ""bits"": 2, ""bs_x"": [-100.0, 100.0], ""bs_y"": [0.0, 0.0], ""ue_center_x"": [-15.0, 15.0], ""ue_center_y"": [0.0, 0.0], ""ue_radius"": 7.0, ""ris_x"": 0.0, ""ris_y"": 0.0, ""c0_db"": -30.0, ""alpha_bu"": 4.5, ""alpha_br"": 2.2, ""alpha_ru"": 2.2, ""rician_k"": 3.0, ""channel_scale"": 100000.0, ""direct_link_attenuation"": 0.25, ""include_direct_intercell"": true, ""inter_ris_attenuation"": 1.0, ""ris_size_model"": ""growing_aperture"", ""ris_reference_N"": 32, ""radius_floor"": 1e-10, ""estimation_snr_db"": 40.0, ""nmse_db"": null}",bcd89cb1027b3224e13fc33b09029a995c1290223427b7687b781c4fac8a4f67,3410942173,40.0,,0.0001,7.193705708615564e-05,-41.43047332953232,100,empirically calibrated per-slot radius; Gaussian errors are unbounded; no deterministic or horizon guarantee,0.018765222562081983,0.023236067696424258,0.02071524025611176,0.024053488714422228,0.024035460537141264,0.033241182467195374,0.033241182467195374
60001,isotropic_effective,16,2,1,2001704940,"{""L"": 2, ""K"": 3, ""M"": 12, ""N"": 16, ""bits"": 2, ""bs_x"": [-100.0, 100.0], ""bs_y"": [0.0, 0.0], ""ue_center_x"": [-15.0, 15.0], ""ue_center_y"": [0.0, 0.0], ""ue_radius"": 7.0, ""ris_x"": 0.0, ""ris_y"": 0.0, ""c0_db"": -30.0, ""alpha_bu"": 4.5, ""alpha_br"": 2.2, ""alpha_ru"": 2.2, ""rician_k"": 3.0, ""channel_scale"": 100000.0, ""direct_link_attenuation"": 0.25, ""include_direct_intercell"": true, ""inter_ris_attenuation"": 1.0, ""ris_size_model"": ""growing_aperture"", ""ris_reference_N"": 32, ""radius_floor"": 1e-10, ""estimation_snr_db"": 10.0, ""nmse_db"": null}",f84586cf0e75dce9cdfc73e5ee9fd75f6d49493f83cac747dce1927cabbb6b42,1446194673,10.0,,0.1,0.09841968969474887,-10.069180085771944,100,empirically calibrated per-slot radius; Gaussian errors are unbounded; no deterministic or horizon guarantee,0.3401423460307075,0.36609245011042646,0.35091957592067047,0.3849830065510193,0.3806021152336306,0.3986003328163668,0.3986003328163668
60001,physical_pilot,16,2,1,2001704940,"{""L"": 2, ""K"": 3, ""M"": 12, ""N"": 16, ""bits"": 2, ""bs_x"": [-100.0, 100.0], ""bs_y"": [0.0, 0.0], ""ue_center_x"": [-15.0, 15.0], ""ue_center_y"": [0.0, 0.0], ""ue_radius"": 7.0, ""ris_x"": 0.0, ""ris_y"": 0.0, ""c0_db"": -30.0, ""alpha_bu"": 4.5, ""alpha_br"": 2.2, ""alpha_ru"": 2.2, ""rician_k"": 3.0, ""channel_scale"": 100000.0, ""direct_link_attenuation"": 0.25, ""include_direct_intercell"": true, ""inter_ris_attenuation"": 1.0, ""ris_size_model"": ""growing_aperture"", ""ris_reference_N"": 32, ""radius_floor"": 1e-10, ""estimation_snr_db"": 10.0, ""nmse_db"": null}",f84586cf0e75dce9cdfc73e5ee9fd75f6d49493f83cac747dce1927cabbb6b42,1446194673,10.0,,0.1,0.08735670309189032,-10.587037649325865,100,empirically calibrated per-slot radius; Gaussian errors are unbounded; no deterministic or horizon guarantee,0.4246254189698484,0.5670716499535345,0.46989993653567697,0.6084714249083888,0.5958989860592779,0.6883327606518425,0.6883327606518425
60001,isotropic_effective,16,2,1,2001704940,"{""L"": 2, ""K"": 3, ""M"": 12, ""N"": 16, ""bits"": 2, ""bs_x"": [-100.0, 100.0], ""bs_y"": [0.0, 0.0], ""ue_center_x"": [-15.0, 15.0], ""ue_center_y"": [0.0, 0.0], ""ue_radius"": 7.0, ""ris_x"": 0.0, ""ris_y"": 0.0, ""c0_db"": -30.0, ""alpha_bu"": 4.5, ""alpha_br"": 2.2, ""alpha_ru"": 2.2, ""rician_k"": 3.0, ""channel_scale"": 100000.0, ""direct_link_attenuation"": 0.25, ""include_direct_intercell"": true, ""inter_ris_attenuation"": 1.0, ""ris_size_model"": ""growing_aperture"", ""ris_reference_N"": 32, ""radius_floor"": 1e-10, ""estimation_snr_db"": 20.0, ""nmse_db"": null}",0b24e2ad40584d516a21c4997f15844484571d6d6dfe08e1fcf2079d765d7971,222246620,20.0,,0.01,0.00988759925538371,-20.049091438635124,100,empirically calibrated per-slot radius; Gaussian errors are unbounded; no deterministic or horizon guarantee,0.11144295367838107,0.12018513647366089,0.11520559298668845,0.1251415317859057,0.12394399794967917,0.12967885874073504,0.12967885874073504
60001,physical_pilot,16,2,1,2001704940,"{""L"": 2, ""K"": 3, ""M"": 12, ""N"": 16, ""bits"": 2, ""bs_x"": [-100.0, 100.0], ""bs_y"": [0.0, 0.0], ""ue_center_x"": [-15.0, 15.0], ""ue_center_y"": [0.0, 0.0], ""ue_radius"": 7.0, ""ris_x"": 0.0, ""ris_y"": 0.0, ""c0_db"": -30.0, ""alpha_bu"": 4.5, ""alpha_br"": 2.2, ""alpha_ru"": 2.2, ""rician_k"": 3.0, ""channel_scale"": 100000.0, ""direct_link_attenuation"": 0.25, ""include_direct_intercell"": true, ""inter_ris_attenuation"": 1.0, ""ris_size_model"": ""growing_aperture"", ""ris_reference_N"": 32, ""radius_floor"": 1e-10, ""estimation_snr_db"": 20.0, ""nmse_db"": null}",0b24e2ad40584d516a21c4997f15844484571d6d6dfe08e1fcf2079d765d7971,222246620,20.0,,0.01,0.008758408222102484,-20.575748165685567,100,empirically calibrated per-slot radius; Gaussian errors are unbounded; no deterministic or horizon guarantee,0.13852275098086492,0.1775629878756174,0.1580358965347484,0.19288753881998058,0.1876563621246034,0.2139613044485701,0.2139613044485701
60001,isotropic_effective,16,2,1,2001704940,"{""L"": 2, ""K"": 3, ""M"": 12, ""N"": 16, ""bits"": 2, ""bs_x"": [-100.0, 100.0], ""bs_y"": [0.0, 0.0], ""ue_center_x"": [-15.0, 15.0], ""ue_center_y"": [0.0, 0.0], ""ue_radius"": 7.0, ""ris_x"": 0.0, ""ris_y"": 0.0, ""c0_db"": -30.0, ""alpha_bu"": 4.5, ""alpha_br"": 2.2, ""alpha_ru"": 2.2, ""rician_k"": 3.0, ""channel_scale"": 100000.0, ""direct_link_attenuation"": 0.25, ""include_direct_intercell"": true, ""inter_ris_attenuation"": 1.0, ""ris_size_model"": ""growing_aperture"", ""ris_reference_N"": 32, ""radius_floor"": 1e-10, ""estimation_snr_db"": 30.0, ""nmse_db"": null}",85f1020a51f320b8d8d56cf4283be5a42995c68ecce03ef56fdc254a24a523fb,528156398,30.0,,0.001,0.0010129041384485734,-29.944316544549103,100,empirically calibrated per-slot radius; Gaussian errors are unbounded; no deterministic or horizon guarantee,0.035505581341136405,0.03809611155768944,0.03641165581605901,0.03923635375319446,0.038941225325696514,0.040168788190081614,0.040168788190081614
60001,physical_pilot,16,2,1,2001704940,"{""L"": 2, ""K"": 3, ""M"": 12, ""N"": 16, ""bits"": 2, ""bs_x"": [-100.0, 100.0], ""bs_y"": [0.0, 0.0], ""ue_center_x"": [-15.0, 15.0], ""ue_center_y"": [0.0, 0.0], ""ue_radius"": 7.0, ""ris_x"": 0.0, ""ris_y"": 0.0, ""c0_db"": -30.0, ""alpha_bu"": 4.5, ""alpha_br"": 2.2, ""alpha_ru"": 2.2, ""rician_k"": 3.0, ""channel_scale"": 100000.0, ""direct_link_attenuation"": 0.25, ""include_direct_intercell"": true, ""inter_ris_attenuation"": 1.0, ""ris_size_model"": ""growing_aperture"", ""ris_reference_N"": 32, ""radius_floor"": 1e-10, ""estimation_snr_db"": 30.0, ""nmse_db"": null}",85f1020a51f320b8d8d56cf4283be5a42995c68ecce03ef56fdc254a24a523fb,528156398,30.0,,0.001,0.0008506913117723549,-30.70228002681864,100,empirically calibrated per-slot radius; Gaussian errors are unbounded; no deterministic or horizon guarantee,0.043781907346652375,0.05379463320937351,0.04778724935825356,0.05887659766796067,0.05852605354619709,0.07591069732837588,0.07591069732837588
60001,isotropic_effective,16,2,1,2001704940,"{""L"": 2, ""K"": 3, ""M"": 12, ""N"": 16, ""bits"": 2, ""bs_x"": [-100.0, 100.0], ""bs_y"": [0.0, 0.0], ""ue_center_x"": [-15.0, 15.0], ""ue_center_y"": [0.0, 0.0], ""ue_radius"": 7.0, ""ris_x"": 0.0, ""ris_y"": 0.0, ""c0_db"": -30.0, ""alpha_bu"": 4.5, ""alpha_br"": 2.2, ""alpha_ru"": 2.2, ""rician_k"": 3.0, ""channel_scale"": 100000.0, ""direct_link_attenuation"": 0.25, ""include_direct_intercell"": true, ""inter_ris_attenuation"": 1.0, ""ris_size_model"": ""growing_aperture"", ""ris_reference_N"": 32, ""radius_floor"": 1e-10, ""estimation_snr_db"": 40.0, ""nmse_db"": null}",bcd89cb1027b3224e13fc33b09029a995c1290223427b7687b781c4fac8a4f67,3778692792,40.0,,0.0001,9.970494310472838e-05,-40.01283309994355,100,empirically calibrated per-slot radius; Gaussian errors are unbounded; no deterministic or horizon guarantee,0.011155037637251519,0.012169010652031614,0.011560559183834087,0.012566933031531212,0.012415759890629792,0.01298012946485707,0.01298012946485707
60001,physical_pilot,16,2,1,2001704940,"{""L"": 2, ""K"": 3, ""M"": 12, ""N"": 16, ""bits"": 2, ""bs_x"": [-100.0, 100.0], ""bs_y"": [0.0, 0.0], ""ue_center_x"": [-15.0, 15.0], ""ue_center_y"": [0.0, 0.0], ""ue_radius"": 7.0, ""ris_x"": 0.0, ""ris_y"": 0.0, ""c0_db"": -30.0, ""alpha_bu"": 4.5, ""alpha_br"": 2.2, ""alpha_ru"": 2.2, ""rician_k"": 3.0, ""channel_scale"": 100000.0, ""direct_link_attenuation"": 0.25, ""include_direct_intercell"": true, ""inter_ris_attenuation"": 1.0, ""ris_size_model"": ""growing_aperture"", ""ris_reference_N"": 32, ""radius_floor"": 1e-10, ""estimation_snr_db"": 40.0, ""nmse_db"": null}",bcd89cb1027b3224e13fc33b09029a995c1290223427b7687b781c4fac8a4f67,3778692792,40.0,,0.0001,8.651055853664263e-05,-40.629308840454684,100,empirically calibrated per-slot radius; Gaussian errors are unbounded; no deterministic or horizon guarantee,0.013419393557930478,0.01770073206227253,0.015370501465097173,0.01947766847989807,0.01851545676150182,0.023417118577858706,0.023417118577858706
60001,isotropic_effective,32,2,0,2578766290,"{""L"": 2, ""K"": 3, ""M"": 12, ""N"": 32, ""bits"": 2, ""bs_x"": [-100.0, 100.0], ""bs_y"": [0.0, 0.0], ""ue_center_x"": [-15.0, 15.0], ""ue_center_y"": [0.0, 0.0], ""ue_radius"": 7.0, ""ris_x"": 0.0, ""ris_y"": 0.0, ""c0_db"": -30.0, ""alpha_bu"": 4.5, ""alpha_br"": 2.2, ""alpha_ru"": 2.2, ""rician_k"": 3.0, ""channel_scale"": 100000.0, ""direct_link_attenuation"": 0.25, ""include_direct_intercell"": true, ""inter_ris_attenuation"": 1.0, ""ris_size_model"": ""growing_aperture"", ""ris_reference_N"": 32, ""radius_floor"": 1e-10, ""estimation_snr_db"": 10.0, ""nmse_db"": null}",07d58baf677568b6408a12178b03b7f2717b1255adf53503c918072c8e8148d7,1453361417,10.0,,0.1,0.10096976743379138,-9.95808644060553,100,empirically calibrated per-slot radius; Gaussian errors are unbounded; no deterministic or horizon guarantee,0.3407752779045061,0.3728736014026238,0.353588638833483,0.3806177735053863,0.3772711959963186,0.40261836329622375,0.40261836329622375
60001,physical_pilot,32,2,0,2578766290,"{""L"": 2, ""K"": 3, ""M"": 12, ""N"": 32, ""bits"": 2, ""bs_x"": [-100.0, 100.0], ""bs_y"": [0.0, 0.0], ""ue_center_x"": [-15.0, 15.0], ""ue_center_y"": [0.0, 0.0], ""ue_radius"": 7.0, ""ris_x"": 0.0, ""ris_y"": 0.0, ""c0_db"": -30.0, ""alpha_bu"": 4.5, ""alpha_br"": 2.2, ""alpha_ru"": 2.2, ""rician_k"": 3.0, ""channel_scale"": 100000.0, ""direct_link_attenuation"": 0.25, ""include_direct_intercell"": true, ""inter_ris_attenuation"": 1.0, ""ris_size_model"": ""growing_aperture"", ""ris_reference_N"": 32, ""radius_floor"": 1e-10, ""estimation_snr_db"": 10.0, ""nmse_db"": null}",07d58baf677568b6408a12178b03b7f2717b1255adf53503c918072c8e8148d7,1453361417,10.0,,0.1,0.037022397253759,-14.315354634769097,100,empirically calibrated per-slot radius; Gaussian errors are unbounded; no deterministic or horizon guarantee,0.4898958802107596,0.6203641879599651,0.5570002873843505,0.6732105596049703,0.6704593657982957,0.8232677887027111,0.8232677887027111
60001,isotropic_effective,32,2,0,2578766290,"{""L"": 2, ""K"": 3, ""M"": 12, ""N"": 32, ""bits"": 2, ""bs_x"": [-100.0, 100.0], ""bs_y"": [0.0, 0.0], ""ue_center_x"": [-15.0, 15.0], ""ue_center_y"": [0.0, 0.0], ""ue_radius"": 7.0, ""ris_x"": 0.0, ""ris_y"": 0.0, ""c0_db"": -30.0, ""alpha_bu"": 4.5, ""alpha_br"": 2.2, ""alpha_ru"": 2.2, ""rician_k"": 3.0, ""channel_scale"": 100000.0, ""direct_link_attenuation"": 0.25, ""include_direct_intercell"": true, ""inter_ris_attenuation"": 1.0, ""ris_size_model"": ""growing_aperture"", ""ris_reference_N"": 32, ""radius_floor"": 1e-10, ""estimation_snr_db"": 20.0, ""nmse_db"": null}",345040f061628437e8991ccd8739e4b7528854e57c2ec00c828e1c08d015dc49,2307480230,20.0,,0.01,0.01010544018668078,-19.954447641394964,100,empirically calibrated per-slot radius; Gaussian errors are unbounded; no deterministic or horizon guarantee,0.11179628638359948,0.12065392754121919,0.115115015215315,0.12515501112480315,0.12508209158442005,0.12847201561902563,0.12847201561902563
60001,physical_pilot,32,2,0,2578766290,"{""L"": 2, ""K"": 3, ""M"": 12, ""N"": 32, ""bits"": 2, ""bs_x"": [-100.0, 100.0], ""bs_y"": [0.0, 0.0], ""ue_center_x"": [-15.0, 15.0], ""ue_center_y"": [0.0, 0.0], ""ue_radius"": 7.0, ""ris_x"": 0.0, ""ris_y"": 0.0, ""c0_db"": -30.0, ""alpha_bu"": 4.5, ""alpha_br"": 2.2, ""alpha_ru"": 2.2, ""rician_k"": 3.0, ""channel_scale"": 100000.0, ""direct_link_attenuation"": 0.25, ""include_direct_intercell"": true, ""inter_ris_attenuation"": 1.0, ""ris_size_model"": ""growing_aperture"", ""ris_reference_N"": 32, ""radius_floor"": 1e-10, ""estimation_snr_db"": 20.0, ""nmse_db"": null}",345040f061628437e8991ccd8739e4b7528854e57c2ec00c828e1c08d015dc49,2307480230,20.0,,0.01,0.0036355949305449794,-24.39424510826584,100,empirically calibrated per-slot radius; Gaussian errors are unbounded; no deterministic or horizon guarantee,0.17030460155485314,0.22410788184765829,0.1920226902216066,0.23523018700361165,0.2327223730555507,0.2569099488684012,0.2569099488684012
60001,isotropic_effective,32,2,0,2578766290,"{""L"": 2, ""K"": 3, ""M"": 12, ""N"": 32, ""bits"": 2, ""bs_x"": [-100.0, 100.0], ""bs_y"": [0.0, 0.0], ""ue_center_x"": [-15.0, 15.0], ""ue_center_y"": [0.0, 0.0], ""ue_radius"": 7.0, ""ris_x"": 0.0, ""ris_y"": 0.0, ""c0_db"": -30.0, ""alpha_bu"": 4.5, ""alpha_br"": 2.2, ""alpha_ru"": 2.2, ""rician_k"": 3.0, ""channel_scale"": 100000.0, ""direct_link_attenuation"": 0.25, ""include_direct_intercell"": true, ""inter_ris_attenuation"": 1.0, ""ris_size_model"": ""growing_aperture"", ""ris_reference_N"": 32, ""radius_floor"": 1e-10, ""estimation_snr_db"": 30.0, ""nmse_db"": null}",6015bb61bf9007951c65e44e9d000cfca71bbafb116223581c68e5af0ccce872,2812223473,30.0,,0.001,0.0009816251457873124,-30.080543250398165,100,empirically calibrated per-slot radius; Gaussian errors are unbounded; no deterministic or horizon guarantee,0.0353968301680562,0.037962534290559194,0.036700455372579696,0.03915393013714658,0.03914059391178696,0.04007257817528662,0.04007257817528662
60001,physical_pilot,32,2,0,2578766290,"{""L"": 2, ""K"": 3, ""M"": 12, ""N"": 32, ""bits"": 2, ""bs_x"": [-100.0, 100.0], ""bs_y"": [0.0, 0.0], ""ue_center_x"": [-15.0, 15.0], ""ue_center_y"": [0.0, 0.0], ""ue_radius"": 7.0, ""ris_x"": 0.0, ""ris_y"": 0.0, ""c0_db"": -30.0, ""alpha_bu"": 4.5, ""alpha_br"": 2.2, ""alpha_ru"": 2.2, ""rician_k"": 3.0, ""channel_scale"": 100000.0, ""direct_link_attenuation"": 0.25, ""include_direct_intercell"": true, ""inter_ris_attenuation"": 1.0, ""ris_size_model"": ""growing_aperture"", ""ris_reference_N"": 32, ""radius_floor"": 1e-10, ""estimation_snr_db"": 30.0, ""nmse_db"": null}",6015bb61bf9007951c65e44e9d000cfca71bbafb116223581c68e5af0ccce872,2812223473,30.0,,0.001,0.00037251406506419796,-34.28857324890319,100,empirically calibrated per-slot radius; Gaussian errors are unbounded; no deterministic or horizon guarantee,0.056354496007225134,0.07882231338475268,0.06471732601349257,0.08888683757625149,0.08773719830475393,0.09833669208516639,0.09833669208516639
60001,isotropic_effective,32,2,0,2578766290,"{""L"": 2, ""K"": 3, ""M"": 12, ""N"": 32, ""bits"": 2, ""bs_x"": [-100.0, 100.0], ""bs_y"": [0.0, 0.0], ""ue_center_x"": [-15.0, 15.0], ""ue_center_y"": [0.0, 0.0], ""ue_radius"": 7.0, ""ris_x"": 0.0, ""ris_y"": 0.0, ""c0_db"": -30.0, ""alpha_bu"": 4.5, ""alpha_br"": 2.2, ""alpha_ru"": 2.2, ""rician_k"": 3.0, ""channel_scale"": 100000.0, ""direct_link_attenuation"": 0.25, ""include_direct_intercell"": true, ""inter_ris_attenuation"": 1.0, ""ris_size_model"": ""growing_aperture"", ""ris_reference_N"": 32, ""radius_floor"": 1e-10, ""estimation_snr_db"": 40.0, ""nmse_db"": null}",3080a6c61690f2af638ad0b379044abc6a35745d85d5738086bc4095287eae88,1045419234,40.0,,0.0001,0.00010010057418104702,-39.995634313823686,100,empirically calibrated per-slot radius; Gaussian errors are unbounded; no deterministic or horizon guarantee,0.011288936849691796,0.012218158848953073,0.011673491395520855,0.012396564543663646,0.012296417538128723,0.012741377966885707,0.012741377966885707
60001,physical_pilot,32,2,0,2578766290,"{""L"": 2, ""K"": 3, ""M"": 12, ""N"": 32, ""bits"": 2, ""bs_x"": [-100.0, 100.0], ""bs_y"": [0.0, 0.0], ""ue_center_x"": [-15.0, 15.0], ""ue_center_y"": [0.0, 0.0], ""ue_radius"": 7.0, ""ris_x"": 0.0, ""ris_y"": 0.0, ""c0_db"": -30.0, ""alpha_bu"": 4.5, ""alpha_br"": 2.2, ""alpha_ru"": 2.2, ""rician_k"": 3.0, ""channel_scale"": 100000.0, ""direct_link_attenuation"": 0.25, ""include_direct_intercell"": true, ""inter_ris_attenuation"": 1.0, ""ris_size_model"": ""growing_aperture"", ""ris_reference_N"": 32, ""radius_floor"": 1e-10, ""estimation_snr_db"": 40.0, ""nmse_db"": null}",3080a6c61690f2af638ad0b379044abc6a35745d85d5738086bc4095287eae88,1045419234,40.0,,0.0001,3.8028783070459424e-05,-44.198875718863505,100,empirically calibrated per-slot radius; Gaussian errors are unbounded; no deterministic or horizon guarantee,0.01827718090427758,0.02484553597211556,0.021185389649092726,0.027128561448143095,0.025552926624854904,0.02864677547826849,0.02864677547826849
60001,isotropic_effective,32,2,1,4056704936,"{""L"": 2, ""K"": 3, ""M"": 12, ""N"": 32, ""bits"": 2, ""bs_x"": [-100.0, 100.0], ""bs_y"": [0.0, 0.0], ""ue_center_x"": [-15.0, 15.0], ""ue_center_y"": [0.0, 0.0], ""ue_radius"": 7.0, ""ris_x"": 0.0, ""ris_y"": 0.0, ""c0_db"": -30.0, ""alpha_bu"": 4.5, ""alpha_br"": 2.2, ""alpha_ru"": 2.2, ""rician_k"": 3.0, ""channel_scale"": 100000.0, ""direct_link_attenuation"": 0.25, ""include_direct_intercell"": true, ""inter_ris_attenuation"": 1.0, ""ris_size_model"": ""growing_aperture"", ""ris_reference_N"": 32, ""radius_floor"": 1e-10, ""estimation_snr_db"": 10.0, ""nmse_db"": null}",07d58baf677568b6408a12178b03b7f2717b1255adf53503c918072c8e8148d7,3373632681,10.0,,0.1,0.09960334104961392,-10.0172609355346,100,empirically calibrated per-slot radius; Gaussian errors are unbounded; no deterministic or horizon guarantee,0.3465973850732329,0.3748218244225342,0.35889087881804665,0.37922520053638004,0.37883406425115945,0.40516729690287945,0.40516729690287945
60001,physical_pilot,32,2,1,4056704936,"{""L"": 2, ""K"": 3, ""M"": 12, ""N"": 32, ""bits"": 2, ""bs_x"": [-100.0, 100.0], ""bs_y"": [0.0, 0.0], ""ue_center_x"": [-15.0, 15.0], ""ue_center_y"": [0.0, 0.0], ""ue_radius"": 7.0, ""ris_x"": 0.0, ""ris_y"": 0.0, ""c0_db"": -30.0, ""alpha_bu"": 4.5, ""alpha_br"": 2.2, ""alpha_ru"": 2.2, ""rician_k"": 3.0, ""channel_scale"": 100000.0, ""direct_link_attenuation"": 0.25, ""include_direct_intercell"": true, ""inter_ris_attenuation"": 1.0, ""ris_size_model"": ""growing_aperture"", ""ris_reference_N"": 32, ""radius_floor"": 1e-10, ""estimation_snr_db"": 10.0, ""nmse_db"": null}",07d58baf677568b6408a12178b03b7f2717b1255adf53503c918072c8e8148d7,3373632681,10.0,,0.1,0.08471878919762346,-10.72020259800341,100,empirically calibrated per-slot radius; Gaussian errors are unbounded; no deterministic or horizon guarantee,0.4312979532123377,0.5606235423777642,0.4809112228169581,0.6542281528535396,0.649534264102891,0.6967088871261897,0.6967088871261897
60001,isotropic_effective,32,2,1,4056704936,"{""L"": 2, ""K"": 3, ""M"": 12, ""N"": 32, ""bits"": 2, ""bs_x"": [-100.0, 100.0], ""bs_y"": [0.0, 0.0], ""ue_center_x"": [-15.0, 15.0], ""ue_center_y"": [0.0, 0.0], ""ue_radius"": 7.0, ""ris_x"": 0.0, ""ris_y"": 0.0, ""c0_db"": -30.0, ""alpha_bu"": 4.5, ""alpha_br"": 2.2, ""alpha_ru"": 2.2, ""rician_k"": 3.0, ""channel_scale"": 100000.0, ""direct_link_attenuation"": 0.25, ""include_direct_intercell"": true, ""inter_ris_attenuation"": 1.0, ""ris_size_model"": ""growing_aperture"", ""ris_reference_N"": 32, ""radius_floor"": 1e-10, ""estimation_snr_db"": 20.0, ""nmse_db"": null}",345040f061628437e8991ccd8739e4b7528854e57c2ec00c828e1c08d015dc49,2569060563,20.0,,0.01,0.00988869938977399,-20.048608251862802,100,empirically calibrated per-slot radius; Gaussian errors are unbounded; no deterministic or horizon guarantee,0.11278409445879832,0.11943959842176909,0.11679056026733659,0.12169263336157554,0.12167362603823263,0.1254414437234286,0.1254414437234286
60001,physical_pilot,32,2,1,4056704936,"{""L"": 2, ""K"": 3, ""M"": 12, ""N"": 32, ""bits"": 2, ""bs_x"": [-100.0, 100.0], ""bs_y"": [0.0, 0.0], ""ue_center_x"": [-15.0, 15.0], ""ue_center_y"": [0.0, 0.0], ""ue_radius"": 7.0, ""ris_x"": 0.0, ""ris_y"": 0.0, ""c0_db"": -30.0, ""alpha_bu"": 4.5, ""alpha_br"": 2.2, ""alpha_ru"": 2.2, ""rician_k"": 3.0, ""channel_scale"": 100000.0, ""direct_link_attenuation"": 0.25, ""include_direct_intercell"": true, ""inter_ris_attenuation"": 1.0, ""ris_size_model"": ""growing_aperture"", ""ris_reference_N"": 32, ""radius_floor"": 1e-10, ""estimation_snr_db"": 20.0, ""nmse_db"": null}",345040f061628437e8991ccd8739e4b7528854e57c2ec00c828e1c08d015dc49,2569060563,20.0,,0.01,0.007885105622852617,-21.031924848189306,100,empirically calibrated per-slot radius; Gaussian errors are unbounded; no deterministic or horizon guarantee,0.13669662516847825,0.17679244191009208,0.15237595189860562,0.18280617034714794,0.1825363071763427,0.19762929953182287,0.19762929953182287
60001,isotropic_effective,32,2,1,4056704936,"{""L"": 2, ""K"": 3, ""M"": 12, ""N"": 32, ""bits"": 2, ""bs_x"": [-100.0, 100.0], ""bs_y"": [0.0, 0.0], ""ue_center_x"": [-15.0, 15.0], ""ue_center_y"": [0.0, 0.0], ""ue_radius"": 7.0, ""ris_x"": 0.0, ""ris_y"": 0.0, ""c0_db"": -30.0, ""alpha_bu"": 4.5, ""alpha_br"": 2.2, ""alpha_ru"": 2.2, ""rician_k"": 3.0, ""channel_scale"": 100000.0, ""direct_link_attenuation"": 0.25, ""include_direct_intercell"": true, ""inter_ris_attenuation"": 1.0, ""ris_size_model"": ""growing_aperture"", ""ris_reference_N"": 32, ""radius_floor"": 1e-10, ""estimation_snr_db"": 30.0, ""nmse_db"": null}",6015bb61bf9007951c65e44e9d000cfca71bbafb116223581c68e5af0ccce872,2316888753,30.0,,0.001,0.0009918304546614558,-30.03562560605953,100,empirically calibrated per-slot radius; Gaussian errors are unbounded; no deterministic or horizon guarantee,0.03597382644866309,0.03886429631710674,0.03690759054066073,0.039833178057050486,0.03979364951392257,0.040636800524739614,0.040636800524739614
60001,physical_pilot,32,2,1,4056704936,"{""L"": 2, ""K"": 3, ""M"": 12, ""N"": 32, ""bits"": 2, ""bs_x"": [-100.0, 100.0], ""bs_y"": [0.0, 0.0], ""ue_center_x"": [-15.0, 15.0], ""ue_center_y"": [0.0, 0.0], ""ue_radius"": 7.0, ""ris_x"": 0.0, ""ris_y"": 0.0, ""c0_db"": -30.0, ""alpha_bu"": 4.5, ""alpha_br"": 2.2, ""alpha_ru"": 2.2, ""rician_k"": 3.0, ""channel_scale"": 100000.0, ""direct_link_attenuation"": 0.25, ""include_direct_intercell"": true, ""inter_ris_attenuation"": 1.0, ""ris_size_model"": ""growing_aperture"", ""ris_reference_N"": 32, ""radius_floor"": 1e-10, ""estimation_snr_db"": 30.0, ""nmse_db"": null}",6015bb61bf9007951c65e44e9d000cfca71bbafb116223581c68e5af0ccce872,2316888753,30.0,,0.001,0.0008465599783159877,-30.723422669361526,100,empirically calibrated per-slot radius; Gaussian errors are unbounded; no deterministic or horizon guarantee,0.04285247960113898,0.055958850332357035,0.04863423765367878,0.058898399928123846,0.057274517081928315,0.06354401123187287,0.06354401123187287
60001,isotropic_effective,32,2,1,4056704936,"{""L"": 2, ""K"": 3, ""M"": 12, ""N"": 32, ""bits"": 2, ""bs_x"": [-100.0, 100.0], ""bs_y"": [0.0, 0.0], ""ue_center_x"": [-15.0, 15.0], ""ue_center_y"": [0.0, 0.0], ""ue_radius"": 7.0, ""ris_x"": 0.0, ""ris_y"": 0.0, ""c0_db"": -30.0, ""alpha_bu"": 4.5, ""alpha_br"": 2.2, ""alpha_ru"": 2.2, ""rician_k"": 3.0, ""channel_scale"": 100000.0, ""direct_link_attenuation"": 0.25, ""include_direct_intercell"": true, ""inter_ris_attenuation"": 1.0, ""ris_size_model"": ""growing_aperture"", ""ris_reference_N"": 32, ""radius_floor"": 1e-10, ""estimation_snr_db"": 40.0, ""nmse_db"": null}",3080a6c61690f2af638ad0b379044abc6a35745d85d5738086bc4095287eae88,3081688467,40.0,,0.0001,0.00010131980469944259,-39.94305656011732,100,empirically calibrated per-slot radius; Gaussian errors are unbounded; no deterministic or horizon guarantee,0.011282291366735963,0.012066568235923286,0.011573117714384632,0.012438729822547996,0.012322709710317872,0.012953256415717892,0.012953256415717892
60001,physical_pilot,32,2,1,4056704936,"{""L"": 2, ""K"": 3, ""M"": 12, ""N"": 32, ""bits"": 2, ""bs_x"": [-100.0, 100.0], ""bs_y"": [0.0, 0.0], ""ue_center_x"": [-15.0, 15.0], ""ue_center_y"": [0.0, 0.0], ""ue_radius"": 7.0, ""ris_x"": 0.0, ""ris_y"": 0.0, ""c0_db"": -30.0, ""alpha_bu"": 4.5, ""alpha_br"": 2.2, ""alpha_ru"": 2.2, ""rician_k"": 3.0, ""channel_scale"": 100000.0, ""direct_link_attenuation"": 0.25, ""include_direct_intercell"": true, ""inter_ris_attenuation"": 1.0, ""ris_size_model"": ""growing_aperture"", ""ris_reference_N"": 32, ""radius_floor"": 1e-10, ""estimation_snr_db"": 40.0, ""nmse_db"": null}",3080a6c61690f2af638ad0b379044abc6a35745d85d5738086bc4095287eae88,3081688467,40.0,,0.0001,8.425115762880006e-05,-40.744241231172055,100,empirically calibrated per-slot radius; Gaussian errors are unbounded; no deterministic or horizon guarantee,0.013889833650638365,0.018109116908945122,0.015345627202931826,0.018959970270754915,0.01862761644535768,0.022705544975549292,0.022705544975549292
60001,isotropic_effective,64,2,0,357004171,"{""L"": 2, ""K"": 3, ""M"": 12, ""N"": 64, ""bits"": 2, ""bs_x"": [-100.0, 100.0], ""bs_y"": [0.0, 0.0], ""ue_center_x"": [-15.0, 15.0], ""ue_center_y"": [0.0, 0.0], ""ue_radius"": 7.0, ""ris_x"": 0.0, ""ris_y"": 0.0, ""c0_db"": -30.0, ""alpha_bu"": 4.5, ""alpha_br"": 2.2, ""alpha_ru"": 2.2, ""rician_k"": 3.0, ""channel_scale"": 100000.0, ""direct_link_attenuation"": 0.25, ""include_direct_intercell"": true, ""inter_ris_attenuation"": 1.0, ""ris_size_model"": ""growing_aperture"", ""ris_reference_N"": 32, ""radius_floor"": 1e-10, ""estimation_snr_db"": 10.0, ""nmse_db"": null}",c104936e55561bbaea7b7fe1017d5615a0e06e902118068ee9a1e169849e04f6,3376130326,10.0,,0.1,0.10069054340707738,-9.970113153349091,100,empirically calibrated per-slot radius; Gaussian errors are unbounded; no deterministic or horizon guarantee,0.3395490230791271,0.36465481102730357,0.3506265276067875,0.36972619383868083,0.3694067277152858,0.3970813888904715,0.3970813888904715
60001,physical_pilot,64,2,0,357004171,"{""L"": 2, ""K"": 3, ""M"": 12, ""N"": 64, ""bits"": 2, ""bs_x"": [-100.0, 100.0], ""bs_y"": [0.0, 0.0], ""ue_center_x"": [-15.0, 15.0], ""ue_center_y"": [0.0, 0.0], ""ue_radius"": 7.0, ""ris_x"": 0.0, ""ris_y"": 0.0, ""c0_db"": -30.0, ""alpha_bu"": 4.5, ""alpha_br"": 2.2, ""alpha_ru"": 2.2, ""rician_k"": 3.0, ""channel_scale"": 100000.0, ""direct_link_attenuation"": 0.25, ""include_direct_intercell"": true, ""inter_ris_attenuation"": 1.0, ""ris_size_model"": ""growing_aperture"", ""ris_reference_N"": 32, ""radius_floor"": 1e-10, ""estimation_snr_db"": 10.0, ""nmse_db"": null}",c104936e55561bbaea7b7fe1017d5615a0e06e902118068ee9a1e169849e04f6,3376130326,10.0,,0.1,0.1975304212289122,-7.043660101416274,100,empirically calibrated per-slot radius; Gaussian errors are unbounded; no deterministic or horizon guarantee,0.574019041491986,0.7427978413046743,0.6385749708509186,0.782860243476849,0.7709969669959413,0.9019894405267933,0.9019894405267933
60001,isotropic_effective,64,2,0,357004171,"{""L"": 2, ""K"": 3, ""M"": 12, ""N"": 64, ""bits"": 2, ""bs_x"": [-100.0, 100.0], ""bs_y"": [0.0, 0.0], ""ue_center_x"": [-15.0, 15.0], ""ue_center_y"": [0.0, 0.0], ""ue_radius"": 7.0, ""ris_x"": 0.0, ""ris_y"": 0.0, ""c0_db"": -30.0, ""alpha_bu"": 4.5, ""alpha_br"": 2.2, ""alpha_ru"": 2.2, ""rician_k"": 3.0, ""channel_scale"": 100000.0, ""direct_link_attenuation"": 0.25, ""include_direct_intercell"": true, ""inter_ris_attenuation"": 1.0, ""ris_size_model"": ""growing_aperture"", ""ris_reference_N"": 32, ""radius_floor"": 1e-10, ""estimation_snr_db"": 20.0, ""nmse_db"": null}",785227d5e1de9d0a8f78419cec4f35b031f7f8b240fe53708fe6b07b798bd583,2757056814,20.0,,0.01,0.009823456322036208,-20.077356815116822,100,empirically calibrated per-slot radius; Gaussian errors are unbounded; no deterministic or horizon guarantee,0.11262328857039672,0.11932290285682683,0.11648932216526531,0.12219086412360544,0.12109534997876403,0.1231002112026435,0.1231002112026435
60001,physical_pilot,64,2,0,357004171,"{""L"": 2, ""K"": 3, ""M"": 12, ""N"": 64, ""bits"": 2, ""bs_x"": [-100.0, 100.0], ""bs_y"": [0.0, 0.0], ""ue_center_x"": [-15.0, 15.0], ""ue_center_y"": [0.0, 0.0], ""ue_radius"": 7.0, ""ris_x"": 0.0, ""ris_y"": 0.0, ""c0_db"": -30.0, ""alpha_bu"": 4.5, ""alpha_br"": 2.2, ""alpha_ru"": 2.2, ""rician_k"": 3.0, ""channel_scale"": 100000.0, ""direct_link_attenuation"": 0.25, ""include_direct_intercell"": true, ""inter_ris_attenuation"": 1.0, ""ris_size_model"": ""growing_aperture"", ""ris_reference_N"": 32, ""radius_floor"": 1e-10, ""estimation_snr_db"": 20.0, ""nmse_db"": null}",785227d5e1de9d0a8f78419cec4f35b031f7f8b240fe53708fe6b07b798bd583,2757056814,20.0,,0.01,0.019061802238650838,-17.198360404606074,100,empirically calibrated per-slot radius; Gaussian errors are unbounded; no deterministic or horizon guarantee,0.1898147355185503,0.2333898829648665,0.2056798933530752,0.24786714877494992,0.246058847169973,0.26166420540062474,0.26166420540062474
60001,isotropic_effective,64,2,0,357004171,"{""L"": 2, ""K"": 3, ""M"": 12, ""N"": 64, ""bits"": 2, ""bs_x"": [-100.0, 100.0], ""bs_y"": [0.0, 0.0], ""ue_center_x"": [-15.0, 15.0], ""ue_center_y"": [0.0, 0.0], ""ue_radius"": 7.0, ""ris_x"": 0.0, ""ris_y"": 0.0, ""c0_db"": -30.0, ""alpha_bu"": 4.5, ""alpha_br"": 2.2, ""alpha_ru"": 2.2, ""rician_k"": 3.0, ""channel_scale"": 100000.0, ""direct_link_attenuation"": 0.25, ""include_direct_intercell"": true, ""inter_ris_attenuation"": 1.0, ""ris_size_model"": ""growing_aperture"", ""ris_reference_N"": 32, ""radius_floor"": 1e-10, ""estimation_snr_db"": 30.0, ""nmse_db"": null}",7881a4e3219cdbfa0c035c46628e6da9d4aa390af87a579821e910a816dad7dd,1131346255,30.0,,0.001,0.001009598823425807,-29.958511642211544,100,empirically calibrated per-slot radius; Gaussian errors are unbounded; no deterministic or horizon guarantee,0.035586104265261126,0.03855985023102459,0.03693628956677681,0.039430693696818904,0.03913550741587464,0.041166883859197215,0.041166883859197215
60001,physical_pilot,64,2,0,357004171,"{""L"": 2, ""K"": 3, ""M"": 12, ""N"": 64, ""bits"": 2, ""bs_x"": [-100.0, 100.0], ""bs_y"": [0.0, 0.0], ""ue_center_x"": [-15.0, 15.0], ""ue_center_y"": [0.0, 0.0], ""ue_radius"": 7.0, ""ris_x"": 0.0, ""ris_y"": 0.0, ""c0_db"": -30.0, ""alpha_bu"": 4.5, ""alpha_br"": 2.2, ""alpha_ru"": 2.2, ""rician_k"": 3.0, ""channel_scale"": 100000.0, ""direct_link_attenuation"": 0.25, ""include_direct_intercell"": true, ""inter_ris_attenuation"": 1.0, ""ris_size_model"": ""growing_aperture"", ""ris_reference_N"": 32, ""radius_floor"": 1e-10, ""estimation_snr_db"": 30.0, ""nmse_db"": null}",7881a4e3219cdbfa0c035c46628e6da9d4aa390af87a579821e910a816dad7dd,1131346255,30.0,,0.001,0.001955215447324856,-27.08805380248176,100,empirically calibrated per-slot radius; Gaussian errors are unbounded; no deterministic or horizon guarantee,0.06284596077321962,0.07827248204201855,0.06867431388384825,0.08038645835668495,0.08006996216520422,0.08788839084615599,0.08788839084615599
60001,isotropic_effective,64,2,0,357004171,"{""L"": 2, ""K"": 3, ""M"": 12, ""N"": 64, ""bits"": 2, ""bs_x"": [-100.0, 100.0], ""bs_y"": [0.0, 0.0], ""ue_center_x"": [-15.0, 15.0], ""ue_center_y"": [0.0, 0.0], ""ue_radius"": 7.0, ""ris_x"": 0.0, ""ris_y"": 0.0, ""c0_db"": -30.0, ""alpha_bu"": 4.5, ""alpha_br"": 2.2, ""alpha_ru"": 2.2, ""rician_k"": 3.0, ""channel_scale"": 100000.0, ""direct_link_attenuation"": 0.25, ""include_direct_intercell"": true, ""inter_ris_attenuation"": 1.0, ""ris_size_model"": ""growing_aperture"", ""ris_reference_N"": 32, ""radius_floor"": 1e-10, ""estimation_snr_db"": 40.0, ""nmse_db"": null}",45bb90d95bfa9f89b65013396f4bde7e68dec10051707001dab80c66d7795ef0,1592357515,40.0,,0.0001,0.00010100411897013105,-39.956609152319736,100,empirically calibrated per-slot radius; Gaussian errors are unbounded; no deterministic or horizon guarantee,0.01131962798306201,0.01209301345663806,0.01165804747368338,0.012558560365038897,0.012474325090389083,0.01319665658192179,0.01319665658192179
60001,physical_pilot,64,2,0,357004171,"{""L"": 2, ""K"": 3, ""M"": 12, ""N"": 64, ""bits"": 2, ""bs_x"": [-100.0, 100.0], ""bs_y"": [0.0, 0.0], ""ue_center_x"": [-15.0, 15.0], ""ue_center_y"": [0.0, 0.0], ""ue_radius"": 7.0, ""ris_x"": 0.0, ""ris_y"": 0.0, ""c0_db"": -30.0, ""alpha_bu"": 4.5, ""alpha_br"": 2.2, ""alpha_ru"": 2.2, ""rician_k"": 3.0, ""channel_scale"": 100000.0, ""direct_link_attenuation"": 0.25, ""include_direct_intercell"": true, ""inter_ris_attenuation"": 1.0, ""ris_size_model"": ""growing_aperture"", ""ris_reference_N"": 32, ""radius_floor"": 1e-10, ""estimation_snr_db"": 40.0, ""nmse_db"": null}",45bb90d95bfa9f89b65013396f4bde7e68dec10051707001dab80c66d7795ef0,1592357515,40.0,,0.0001,0.000203998940270542,-36.903720886321956,100,empirically calibrated per-slot radius; Gaussian errors are unbounded; no deterministic or horizon guarantee,0.020567808343378565,0.025663148719056793,0.02267892229997312,0.028671923052498088,0.027855263901655422,0.03138085082336272,0.03138085082336272
60001,isotropic_effective,64,2,1,2254389450,"{""L"": 2, ""K"": 3, ""M"": 12, ""N"": 64, ""bits"": 2, ""bs_x"": [-100.0, 100.0], ""bs_y"": [0.0, 0.0], ""ue_center_x"": [-15.0, 15.0], ""ue_center_y"": [0.0, 0.0], ""ue_radius"": 7.0, ""ris_x"": 0.0, ""ris_y"": 0.0, ""c0_db"": -30.0, ""alpha_bu"": 4.5, ""alpha_br"": 2.2, ""alpha_ru"": 2.2, ""rician_k"": 3.0, ""channel_scale"": 100000.0, ""direct_link_attenuation"": 0.25, ""include_direct_intercell"": true, ""inter_ris_attenuation"": 1.0, ""ris_size_model"": ""growing_aperture"", ""ris_reference_N"": 32, ""radius_floor"": 1e-10, ""estimation_snr_db"": 10.0, ""nmse_db"": null}",c104936e55561bbaea7b7fe1017d5615a0e06e902118068ee9a1e169849e04f6,580264497,10.0,,0.1,0.1001665646724597,-9.992772205993116,100,empirically calibrated per-slot radius; Gaussian errors are unbounded; no deterministic or horizon guarantee,0.3448283888436259,0.37274336653513684,0.3597077326128006,0.3821940938821309,0.38217297248548854,0.38812788236778045,0.38812788236778045
60001,physical_pilot,64,2,1,2254389450,"{""L"": 2, ""K"": 3, ""M"": 12, ""N"": 64, ""bits"": 2, ""bs_x"": [-100.0, 100.0], ""bs_y"": [0.0, 0.0], ""ue_center_x"": [-15.0, 15.0], ""ue_center_y"": [0.0, 0.0], ""ue_radius"": 7.0, ""ris_x"": 0.0, ""ris_y"": 0.0, ""c0_db"": -30.0, ""alpha_bu"": 4.5, ""alpha_br"": 2.2, ""alpha_ru"": 2.2, ""rician_k"": 3.0, ""channel_scale"": 100000.0, ""direct_link_attenuation"": 0.25, ""include_direct_intercell"": true, ""inter_ris_attenuation"": 1.0, ""ris_size_model"": ""growing_aperture"", ""ris_reference_N"": 32, ""radius_floor"": 1e-10, ""estimation_snr_db"": 10.0, ""nmse_db"": null}",c104936e55561bbaea7b7fe1017d5615a0e06e902118068ee9a1e169849e04f6,580264497,10.0,,0.1,0.10080462287010629,-9.965195508176656,100,empirically calibrated per-slot radius; Gaussian errors are unbounded; no deterministic or horizon guarantee,0.48880461137472575,0.6352338978072681,0.552990787374572,0.7004524473044879,0.674776348291502,0.9210868870071931,0.9210868870071931
60001,isotropic_effective,64,2,1,2254389450,"{""L"": 2, ""K"": 3, ""M"": 12, ""N"": 64, ""bits"": 2, ""bs_x"": [-100.0, 100.0], ""bs_y"": [0.0, 0.0], ""ue_center_x"": [-15.0, 15.0], ""ue_center_y"": [0.0, 0.0], ""ue_radius"": 7.0, ""ris_x"": 0.0, ""ris_y"": 0.0, ""c0_db"": -30.0, ""alpha_bu"": 4.5, ""alpha_br"": 2.2, ""alpha_ru"": 2.2, ""rician_k"": 3.0, ""channel_scale"": 100000.0, ""direct_link_attenuation"": 0.25, ""include_direct_intercell"": true, ""inter_ris_attenuation"": 1.0, ""ris_size_model"": ""growing_aperture"", ""ris_reference_N"": 32, ""radius_floor"": 1e-10, ""estimation_snr_db"": 20.0, ""nmse_db"": null}",785227d5e1de9d0a8f78419cec4f35b031f7f8b240fe53708fe6b07b798bd583,400240273,20.0,,0.01,0.01004011540599683,-19.982612951691323,100,empirically calibrated per-slot radius; Gaussian errors are unbounded; no deterministic or horizon guarantee,0.11138375744392673,0.11812402448924605,0.1149813099470833,0.12011576661166033,0.12011518303421036,0.12468969804813834,0.12468969804813834
60001,physical_pilot,64,2,1,2254389450,"{""L"": 2, ""K"": 3, ""M"": 12, ""N"": 64, ""bits"": 2, ""bs_x"": [-100.0, 100.0], ""bs_y"": [0.0, 0.0], ""ue_center_x"": [-15.0, 15.0], ""ue_center_y"": [0.0, 0.0], ""ue_radius"": 7.0, ""ris_x"": 0.0, ""ris_y"": 0.0, ""c0_db"": -30.0, ""alpha_bu"": 4.5, ""alpha_br"": 2.2, ""alpha_ru"": 2.2, ""rician_k"": 3.0, ""channel_scale"": 100000.0, ""direct_link_attenuation"": 0.25, ""include_direct_intercell"": true, ""inter_ris_attenuation"": 1.0, ""ris_size_model"": ""growing_aperture"", ""ris_reference_N"": 32, ""radius_floor"": 1e-10, ""estimation_snr_db"": 20.0, ""nmse_db"": null}",785227d5e1de9d0a8f78419cec4f35b031f7f8b240fe53708fe6b07b798bd583,400240273,20.0,,0.01,0.009501956360576297,-20.221869684868437,100,empirically calibrated per-slot radius; Gaussian errors are unbounded; no deterministic or horizon guarantee,0.16441815724682557,0.2182257793295994,0.18593432751541106,0.23340254277709752,0.22697132942878015,0.25648383106213085,0.25648383106213085
60001,isotropic_effective,64,2,1,2254389450,"{""L"": 2, ""K"": 3, ""M"": 12, ""N"": 64, ""bits"": 2, ""bs_x"": [-100.0, 100.0], ""bs_y"": [0.0, 0.0], ""ue_center_x"": [-15.0, 15.0], ""ue_center_y"": [0.0, 0.0], ""ue_radius"": 7.0, ""ris_x"": 0.0, ""ris_y"": 0.0, ""c0_db"": -30.0, ""alpha_bu"": 4.5, ""alpha_br"": 2.2, ""alpha_ru"": 2.2, ""rician_k"": 3.0, ""channel_scale"": 100000.0, ""direct_link_attenuation"": 0.25, ""include_direct_intercell"": true, ""inter_ris_attenuation"": 1.0, ""ris_size_model"": ""growing_aperture"", ""ris_reference_N"": 32, ""radius_floor"": 1e-10, ""estimation_snr_db"": 30.0, ""nmse_db"": null}",7881a4e3219cdbfa0c035c46628e6da9d4aa390af87a579821e910a816dad7dd,3052497960,30.0,,0.001,0.0010045188483484952,-29.98041909929224,100,empirically calibrated per-slot radius; Gaussian errors are unbounded; no deterministic or horizon guarantee,0.03597804732222146,0.03867566972331327,0.037142241812690505,0.03938855030164943,0.03904813933994875,0.041674821075510377,0.041674821075510377
60001,physical_pilot,64,2,1,2254389450,"{""L"": 2, ""K"": 3, ""M"": 12, ""N"": 64, ""bits"": 2, ""bs_x"": [-100.0, 100.0], ""bs_y"": [0.0, 0.0], ""ue_center_x"": [-15.0, 15.0], ""ue_center_y"": [0.0, 0.0], ""ue_radius"": 7.0, ""ris_x"": 0.0, ""ris_y"": 0.0, ""c0_db"": -30.0, ""alpha_bu"": 4.5, ""alpha_br"": 2.2, ""alpha_ru"": 2.2, ""rician_k"": 3.0, ""channel_scale"": 100000.0, ""direct_link_attenuation"": 0.25, ""include_direct_intercell"": true, ""inter_ris_attenuation"": 1.0, ""ris_size_model"": ""growing_aperture"", ""ris_reference_N"": 32, ""radius_floor"": 1e-10, ""estimation_snr_db"": 30.0, ""nmse_db"": null}",7881a4e3219cdbfa0c035c46628e6da9d4aa390af87a579821e910a816dad7dd,3052497960,30.0,,0.001,0.0009996648884972724,-30.001455614674803,100,empirically calibrated per-slot radius; Gaussian errors are unbounded; no deterministic or horizon guarantee,0.05500658155347043,0.07263775271499354,0.06401730293621467,0.0819408287552842,0.08093478831128885,0.08703531519003399,0.08703531519003399
60001,isotropic_effective,64,2,1,2254389450,"{""L"": 2, ""K"": 3, ""M"": 12, ""N"": 64, ""bits"": 2, ""bs_x"": [-100.0, 100.0], ""bs_y"": [0.0, 0.0], ""ue_center_x"": [-15.0, 15.0], ""ue_center_y"": [0.0, 0.0], ""ue_radius"": 7.0, ""ris_x"": 0.0, ""ris_y"": 0.0, ""c0_db"": -30.0, ""alpha_bu"": 4.5, ""alpha_br"": 2.2, ""alpha_ru"": 2.2, ""rician_k"": 3.0, ""channel_scale"": 100000.0, ""direct_link_attenuation"": 0.25, ""include_direct_intercell"": true, ""inter_ris_attenuation"": 1.0, ""ris_size_model"": ""growing_aperture"", ""ris_reference_N"": 32, ""radius_floor"": 1e-10, ""estimation_snr_db"": 40.0, ""nmse_db"": null}",45bb90d95bfa9f89b65013396f4bde7e68dec10051707001dab80c66d7795ef0,4215802535,40.0,,0.0001,9.939136088995316e-05,-40.026513628951996,100,empirically calibrated per-slot radius; Gaussian errors are unbounded; no deterministic or horizon guarantee,0.011243531281811003,0.011944108405645103,0.011526140143531493,0.01228927698582916,0.012226296358965511,0.012638571634622842,0.012638571634622842
60001,physical_pilot,64,2,1,2254389450,"{""L"": 2, ""K"": 3, ""M"": 12, ""N"": 64, ""bits"": 2, ""bs_x"": [-100.0, 100.0], ""bs_y"": [0.0, 0.0], ""ue_center_x"": [-15.0, 15.0], ""ue_center_y"": [0.0, 0.0], ""ue_radius"": 7.0, ""ris_x"": 0.0, ""ris_y"": 0.0, ""c0_db"": -30.0, ""alpha_bu"": 4.5, ""alpha_br"": 2.2, ""alpha_ru"": 2.2, ""rician_k"": 3.0, ""channel_scale"": 100000.0, ""direct_link_attenuation"": 0.25, ""include_direct_intercell"": true, ""inter_ris_attenuation"": 1.0, ""ris_size_model"": ""growing_aperture"", ""ris_reference_N"": 32, ""radius_floor"": 1e-10, ""estimation_snr_db"": 40.0, ""nmse_db"": null}",45bb90d95bfa9f89b65013396f4bde7e68dec10051707001dab80c66d7795ef0,4215802535,40.0,,0.0001,9.705886451123531e-05,-40.1296479378922,100,empirically calibrated per-slot radius; Gaussian errors are unbounded; no deterministic or horizon guarantee,0.01618839651255452,0.02082774520295061,0.018501080480977285,0.023284773002224292,0.0232452305034353,0.026318903479146137,0.026318903479146137
60001,isotropic_effective,32,3,0,1010333346,"{""L"": 2, ""K"": 3, ""M"": 12, ""N"": 32, ""bits"": 3, ""bs_x"": [-100.0, 100.0], ""bs_y"": [0.0, 0.0], ""ue_center_x"": [-15.0, 15.0], ""ue_center_y"": [0.0, 0.0], ""ue_radius"": 7.0, ""ris_x"": 0.0, ""ris_y"": 0.0, ""c0_db"": -30.0, ""alpha_bu"": 4.5, ""alpha_br"": 2.2, ""alpha_ru"": 2.2, ""rician_k"": 3.0, ""channel_scale"": 100000.0, ""direct_link_attenuation"": 0.25, ""include_direct_intercell"": true, ""inter_ris_attenuation"": 1.0, ""ris_size_model"": ""growing_aperture"", ""ris_reference_N"": 32, ""radius_floor"": 1e-10, ""estimation_snr_db"": 10.0, ""nmse_db"": null}",95aea9ad12ef8e307ddc654972bd820b83eb0a88942b40b05636f9920b9241f0,4019493903,10.0,,0.1,0.10153462061521397,-9.93385849588252,100,empirically calibrated per-slot radius; Gaussian errors are unbounded; no deterministic or horizon guarantee,0.34476461032516503,0.37286532019331103,0.35952785565850964,0.3779022390122374,0.37630695545008336,0.3898795565556378,0.3898795565556378
60001,physical_pilot,32,3,0,1010333346,"{""L"": 2, ""K"": 3, ""M"": 12, ""N"": 32, ""bits"": 3, ""bs_x"": [-100.0, 100.0], ""bs_y"": [0.0, 0.0], ""ue_center_x"": [-15.0, 15.0], ""ue_center_y"": [0.0, 0.0], ""ue_radius"": 7.0, ""ris_x"": 0.0, ""ris_y"": 0.0, ""c0_db"": -30.0, ""alpha_bu"": 4.5, ""alpha_br"": 2.2, ""alpha_ru"": 2.2, ""rician_k"": 3.0, ""channel_scale"": 100000.0, ""direct_link_attenuation"": 0.25, ""include_direct_intercell"": true, ""inter_ris_attenuation"": 1.0, ""ris_size_model"": ""growing_aperture"", ""ris_reference_N"": 32, ""radius_floor"": 1e-10, ""estimation_snr_db"": 10.0, ""nmse_db"": null}",95aea9ad12ef8e307ddc654972bd820b83eb0a88942b40b05636f9920b9241f0,4019493903,10.0,,0.1,0.03945011154011575,-14.039517645410427,100,empirically calibrated per-slot radius; Gaussian errors are unbounded; no deterministic or horizon guarantee,0.5026012402307171,0.6705622449078967,0.5646021757221655,0.6838030190418194,0.6829320946994443,0.8444674894724234,0.8444674894724234
60001,isotropic_effective,32,3,0,1010333346,"{""L"": 2, ""K"": 3, ""M"": 12, ""N"": 32, ""bits"": 3, ""bs_x"": [-100.0, 100.0], ""bs_y"": [0.0, 0.0], ""ue_center_x"": [-15.0, 15.0], ""ue_center_y"": [0.0, 0.0], ""ue_radius"": 7.0, ""ris_x"": 0.0, ""ris_y"": 0.0, ""c0_db"": -30.0, ""alpha_bu"": 4.5, ""alpha_br"": 2.2, ""alpha_ru"": 2.2, ""rician_k"": 3.0, ""channel_scale"": 100000.0, ""direct_link_attenuation"": 0.25, ""include_direct_intercell"": true, ""inter_ris_attenuation"": 1.0, ""ris_size_model"": ""growing_aperture"", ""ris_reference_N"": 32, ""radius_floor"": 1e-10, ""estimation_snr_db"": 20.0, ""nmse_db"": null}",bd161d92e5402a52b967f41e15b02a8962ba1945295b1e7ec05f0b529717e0c3,1754373886,20.0,,0.01,0.010193367126317531,-19.916823338707413,100,empirically calibrated per-slot radius; Gaussian errors are unbounded; no deterministic or horizon guarantee,0.11175405539722363,0.12089159390430329,0.11643000571919213,0.1233071710698356,0.12322272185718135,0.12607352521388246,0.12607352521388246
60001,physical_pilot,32,3,0,1010333346,"{""L"": 2, ""K"": 3, ""M"": 12, ""N"": 32, ""bits"": 3, ""bs_x"": [-100.0, 100.0], ""bs_y"": [0.0, 0.0], ""ue_center_x"": [-15.0, 15.0], ""ue_center_y"": [0.0, 0.0], ""ue_radius"": 7.0, ""ris_x"": 0.0, ""ris_y"": 0.0, ""c0_db"": -30.0, ""alpha_bu"": 4.5, ""alpha_br"": 2.2, ""alpha_ru"": 2.2, ""rician_k"": 3.0, ""channel_scale"": 100000.0, ""direct_link_attenuation"": 0.25, ""include_direct_intercell"": true, ""inter_ris_attenuation"": 1.0, ""ris_size_model"": ""growing_aperture"", ""ris_reference_N"": 32, ""radius_floor"": 1e-10, ""estimation_snr_db"": 20.0, ""nmse_db"": null}",bd161d92e5402a52b967f41e15b02a8962ba1945295b1e7ec05f0b529717e0c3,1754373886,20.0,,0.01,0.0037118998752001405,-24.30403746956015,100,empirically calibrated per-slot radius; Gaussian errors are unbounded; no deterministic or horizon guarantee,0.18165754563180653,0.22874860396707106,0.2042743968480038,0.2364762088679178,0.23477659471203563,0.26983387051975827,0.26983387051975827
60001,isotropic_effective,32,3,0,1010333346,"{""L"": 2, ""K"": 3, ""M"": 12, ""N"": 32, ""bits"": 3, ""bs_x"": [-100.0, 100.0], ""bs_y"": [0.0, 0.0], ""ue_center_x"": [-15.0, 15.0], ""ue_center_y"": [0.0, 0.0], ""ue_radius"": 7.0, ""ris_x"": 0.0, ""ris_y"": 0.0, ""c0_db"": -30.0, ""alpha_bu"": 4.5, ""alpha_br"": 2.2, ""alpha_ru"": 2.2, ""rician_k"": 3.0, ""channel_scale"": 100000.0, ""direct_link_attenuation"": 0.25, ""include_direct_intercell"": true, ""inter_ris_attenuation"": 1.0, ""ris_size_model"": ""growing_aperture"", ""ris_reference_N"": 32, ""radius_floor"": 1e-10, ""estimation_snr_db"": 30.0, ""nmse_db"": null}",eb6bc8601d44bd3e7faa1cafcd9fc5b8de17e3f6d0da6c71baa7a42efee0c125,2772110183,30.0,,0.001,0.0009969215821670617,-30.01339001940633,100,empirically calibrated per-slot radius; Gaussian errors are unbounded; no deterministic or horizon guarantee,0.0356675013704597,0.037780009402641125,0.03659807951325952,0.038293151375667224,0.03798633198845393,0.039191573353122865,0.039191573353122865
60001,physical_pilot,32,3,0,1010333346,"{""L"": 2, ""K"": 3, ""M"": 12, ""N"": 32, ""bits"": 3, ""bs_x"": [-100.0, 100.0], ""bs_y"": [0.0, 0.0], ""ue_center_x"": [-15.0, 15.0], ""ue_center_y"": [0.0, 0.0], ""ue_radius"": 7.0, ""ris_x"": 0.0, ""ris_y"": 0.0, ""c0_db"": -30.0, ""alpha_bu"": 4.5, ""alpha_br"": 2.2, ""alpha_ru"": 2.2, ""rician_k"": 3.0, ""channel_scale"": 100000.0, ""direct_link_attenuation"": 0.25, ""include_direct_intercell"": true, ""inter_ris_attenuation"": 1.0, ""ris_size_model"": ""growing_aperture"", ""ris_reference_N"": 32, ""radius_floor"": 1e-10, ""estimation_snr_db"": 30.0, ""nmse_db"": null}",eb6bc8601d44bd3e7faa1cafcd9fc5b8de17e3f6d0da6c71baa7a42efee0c125,2772110183,30.0,,0.001,0.0003718979976584934,-34.29576159926072,100,empirically calibrated per-slot radius; Gaussian errors are unbounded; no deterministic or horizon guarantee,0.05796547066869869,0.07987583439593267,0.06625575598742961,0.09411075842487039,0.09015400538367305,0.10773276073394812,0.10773276073394812
60001,isotropic_effective,32,3,0,1010333346,"{""L"": 2, ""K"": 3, ""M"": 12, ""N"": 32, ""bits"": 3, ""bs_x"": [-100.0, 100.0], ""bs_y"": [0.0, 0.0], ""ue_center_x"": [-15.0, 15.0], ""ue_center_y"": [0.0, 0.0], ""ue_radius"": 7.0, ""ris_x"": 0.0, ""ris_y"": 0.0, ""c0_db"": -30.0, ""alpha_bu"": 4.5, ""alpha_br"": 2.2, ""alpha_ru"": 2.2, ""rician_k"": 3.0, ""channel_scale"": 100000.0, ""direct_link_attenuation"": 0.25, ""include_direct_intercell"": true, ""inter_ris_attenuation"": 1.0, ""ris_size_model"": ""growing_aperture"", ""ris_reference_N"": 32, ""radius_floor"": 1e-10, ""estimation_snr_db"": 40.0, ""nmse_db"": null}",e6930af435039246c823340b1300c31ce59dba30be8e68baeb661d0d0468822b,239689310,40.0,,0.0001,0.00010107764167442011,-39.95344899515618,100,empirically calibrated per-slot radius; Gaussian errors are unbounded; no deterministic or horizon guarantee,0.01136561299382995,0.012278469125253686,0.011769716725637225,0.012367727303973298,0.012361803616654019,0.0126067906332481,0.0126067906332481
60001,physical_pilot,32,3,0,1010333346,"{""L"": 2, ""K"": 3, ""M"": 12, ""N"": 32, ""bits"": 3, ""bs_x"": [-100.0, 100.0], ""bs_y"": [0.0, 0.0], ""ue_center_x"": [-15.0, 15.0], ""ue_center_y"": [0.0, 0.0], ""ue_radius"": 7.0, ""ris_x"": 0.0, ""ris_y"": 0.0, ""c0_db"": -30.0, ""alpha_bu"": 4.5, ""alpha_br"": 2.2, ""alpha_ru"": 2.2, ""rician_k"": 3.0, ""channel_scale"": 100000.0, ""direct_link_attenuation"": 0.25, ""include_direct_intercell"": true, ""inter_ris_attenuation"": 1.0, ""ris_size_model"": ""growing_aperture"", ""ris_reference_N"": 32, ""radius_floor"": 1e-10, ""estimation_snr_db"": 40.0, ""nmse_db"": null}",e6930af435039246c823340b1300c31ce59dba30be8e68baeb661d0d0468822b,239689310,40.0,,0.0001,3.730419992509731e-05,-44.282422700247764,100,empirically calibrated per-slot radius; Gaussian errors are unbounded; no deterministic or horizon guarantee,0.01754543147011183,0.023908115685645093,0.02062413556363872,0.024996095098232966,0.024825794912634713,0.028746843716739075,0.028746843716739075
60001,isotropic_effective,32,3,1,2656535735,"{""L"": 2, ""K"": 3, ""M"": 12, ""N"": 32, ""bits"": 3, ""bs_x"": [-100.0, 100.0], ""bs_y"": [0.0, 0.0], ""ue_center_x"": [-15.0, 15.0], ""ue_center_y"": [0.0, 0.0], ""ue_radius"": 7.0, ""ris_x"": 0.0, ""ris_y"": 0.0, ""c0_db"": -30.0, ""alpha_bu"": 4.5, ""alpha_br"": 2.2, ""alpha_ru"": 2.2, ""rician_k"": 3.0, ""channel_scale"": 100000.0, ""direct_link_attenuation"": 0.25, ""include_direct_intercell"": true, ""inter_ris_attenuation"": 1.0, ""ris_size_model"": ""growing_aperture"", ""ris_reference_N"": 32, ""radius_floor"": 1e-10, ""estimation_snr_db"": 10.0, ""nmse_db"": null}",95aea9ad12ef8e307ddc654972bd820b83eb0a88942b40b05636f9920b9241f0,3118806476,10.0,,0.1,0.10119915180742423,-9.948231274853399,100,empirically calibrated per-slot radius; Gaussian errors are unbounded; no deterministic or horizon guarantee,0.3402495773894637,0.3693688696130019,0.35135350581056607,0.38242750966559874,0.38047041918449975,0.39010815586997377,0.39010815586997377
60001,physical_pilot,32,3,1,2656535735,"{""L"": 2, ""K"": 3, ""M"": 12, ""N"": 32, ""bits"": 3, ""bs_x"": [-100.0, 100.0], ""bs_y"": [0.0, 0.0], ""ue_center_x"": [-15.0, 15.0], ""ue_center_y"": [0.0, 0.0], ""ue_radius"": 7.0, ""ris_x"": 0.0, ""ris_y"": 0.0, ""c0_db"": -30.0, ""alpha_bu"": 4.5, ""alpha_br"": 2.2, ""alpha_ru"": 2.2, ""rician_k"": 3.0, ""channel_scale"": 100000.0, ""direct_link_attenuation"": 0.25, ""include_direct_intercell"": true, ""inter_ris_attenuation"": 1.0, ""ris_size_model"": ""growing_aperture"", ""ris_reference_N"": 32, ""radius_floor"": 1e-10, ""estimation_snr_db"": 10.0, ""nmse_db"": null}",95aea9ad12ef8e307ddc654972bd820b83eb0a88942b40b05636f9920b9241f0,3118806476,10.0,,0.1,0.09726956220936868,-10.120230387917665,100,empirically calibrated per-slot radius; Gaussian errors are unbounded; no deterministic or horizon guarantee,0.4027449402325691,0.5426289411422192,0.4530286413118358,0.5785279973628982,0.5518913109894702,0.6562221971301445,0.6562221971301445
60001,isotropic_effective,32,3,1,2656535735,"{""L"": 2, ""K"": 3, ""M"": 12, ""N"": 32, ""bits"": 3, ""bs_x"": [-100.0, 100.0], ""bs_y"": [0.0, 0.0], ""ue_center_x"": [-15.0, 15.0], ""ue_center_y"": [0.0, 0.0], ""ue_radius"": 7.0, ""ris_x"": 0.0, ""ris_y"": 0.0, ""c0_db"": -30.0, ""alpha_bu"": 4.5, ""alpha_br"": 2.2, ""alpha_ru"": 2.2, ""rician_k"": 3.0, ""channel_scale"": 100000.0, ""direct_link_attenuation"": 0.25, ""include_direct_intercell"": true, ""inter_ris_attenuation"": 1.0, ""ris_size_model"": ""growing_aperture"", ""ris_reference_N"": 32, ""radius_floor"": 1e-10, ""estimation_snr_db"": 20.0, ""nmse_db"": null}",bd161d92e5402a52b967f41e15b02a8962ba1945295b1e7ec05f0b529717e0c3,236464807,20.0,,0.01,0.010042535556856962,-19.98156621919474,100,empirically calibrated per-slot radius; Gaussian errors are unbounded; no deterministic or horizon guarantee,0.11170318745179465,0.12155023748285339,0.1161934350626423,0.12359025480534376,0.12278668268343035,0.1267047233997804,0.1267047233997804
60001,physical_pilot,32,3,1,2656535735,"{""L"": 2, ""K"": 3, ""M"": 12, ""N"": 32, ""bits"": 3, ""bs_x"": [-100.0, 100.0], ""bs_y"": [0.0, 0.0], ""ue_center_x"": [-15.0, 15.0], ""ue_center_y"": [0.0, 0.0], ""ue_radius"": 7.0, ""ris_x"": 0.0, ""ris_y"": 0.0, ""c0_db"": -30.0, ""alpha_bu"": 4.5, ""alpha_br"": 2.2, ""alpha_ru"": 2.2, ""rician_k"": 3.0, ""channel_scale"": 100000.0, ""direct_link_attenuation"": 0.25, ""include_direct_intercell"": true, ""inter_ris_attenuation"": 1.0, ""ris_size_model"": ""growing_aperture"", ""ris_reference_N"": 32, ""radius_floor"": 1e-10, ""estimation_snr_db"": 20.0, ""nmse_db"": null}",bd161d92e5402a52b967f41e15b02a8962ba1945295b1e7ec05f0b529717e0c3,236464807,20.0,,0.01,0.009893438330936718,-20.04652748984864,100,empirically calibrated per-slot radius; Gaussian errors are unbounded; no deterministic or horizon guarantee,0.13438681527224447,0.16845440391375083,0.14562996452698557,0.17598903801117272,0.17382665316619544,0.20466596808913595,0.20466596808913595
60001,isotropic_effective,32,3,1,2656535735,"{""L"": 2, ""K"": 3, ""M"": 12, ""N"": 32, ""bits"": 3, ""bs_x"": [-100.0, 100.0], ""bs_y"": [0.0, 0.0], ""ue_center_x"": [-15.0, 15.0], ""ue_center_y"": [0.0, 0.0], ""ue_radius"": 7.0, ""ris_x"": 0.0, ""ris_y"": 0.0, ""c0_db"": -30.0, ""alpha_bu"": 4.5, ""alpha_br"": 2.2, ""alpha_ru"": 2.2, ""rician_k"": 3.0, ""channel_scale"": 100000.0, ""direct_link_attenuation"": 0.25, ""include_direct_intercell"": true, ""inter_ris_attenuation"": 1.0, ""ris_size_model"": ""growing_aperture"", ""ris_reference_N"": 32, ""radius_floor"": 1e-10, ""estimation_snr_db"": 30.0, ""nmse_db"": null}",eb6bc8601d44bd3e7faa1cafcd9fc5b8de17e3f6d0da6c71baa7a42efee0c125,14787242,30.0,,0.001,0.0010235369201692837,-29.89896487210952,100,empirically calibrated per-slot radius; Gaussian errors are unbounded; no deterministic or horizon guarantee,0.03613424229651956,0.03881807467282442,0.03741163826724605,0.03955525700172695,0.03951381914243933,0.040018686644940134,0.040018686644940134
60001,physical_pilot,32,3,1,2656535735,"{""L"": 2, ""K"": 3, ""M"": 12, ""N"": 32, ""bits"": 3, ""bs_x"": [-100.0, 100.0], ""bs_y"": [0.0, 0.0], ""ue_center_x"": [-15.0, 15.0], ""ue_center_y"": [0.0, 0.0], ""ue_radius"": 7.0, ""ris_x"": 0.0, ""ris_y"": 0.0, ""c0_db"": -30.0, ""alpha_bu"": 4.5, ""alpha_br"": 2.2, ""alpha_ru"": 2.2, ""rician_k"": 3.0, ""channel_scale"": 100000.0, ""direct_link_attenuation"": 0.25, ""include_direct_intercell"": true, ""inter_ris_attenuation"": 1.0, ""ris_size_model"": ""growing_aperture"", ""ris_reference_N"": 32, ""radius_floor"": 1e-10, ""estimation_snr_db"": 30.0, ""nmse_db"": null}",eb6bc8601d44bd3e7faa1cafcd9fc5b8de17e3f6d0da6c71baa7a42efee0c125,14787242,30.0,,0.001,0.0009826651048778048,-30.075944657736496,100,empirically calibrated per-slot radius; Gaussian errors are unbounded; no deterministic or horizon guarantee,0.042542120206732065,0.05047609939257494,0.04686579675894926,0.05464841608554104,0.05416599383346507,0.06186708058831113,0.06186708058831113
60001,isotropic_effective,32,3,1,2656535735,"{""L"": 2, ""K"": 3, ""M"": 12, ""N"": 32, ""bits"": 3, ""bs_x"": [-100.0, 100.0], ""bs_y"": [0.0, 0.0], ""ue_center_x"": [-15.0, 15.0], ""ue_center_y"": [0.0, 0.0], ""ue_radius"": 7.0, ""ris_x"": 0.0, ""ris_y"": 0.0, ""c0_db"": -30.0, ""alpha_bu"": 4.5, ""alpha_br"": 2.2, ""alpha_ru"": 2.2, ""rician_k"": 3.0, ""channel_scale"": 100000.0, ""direct_link_attenuation"": 0.25, ""include_direct_intercell"": true, ""inter_ris_attenuation"": 1.0, ""ris_size_model"": ""growing_aperture"", ""ris_reference_N"": 32, ""radius_floor"": 1e-10, ""estimation_snr_db"": 40.0, ""nmse_db"": null}",e6930af435039246c823340b1300c31ce59dba30be8e68baeb661d0d0468822b,3832679842,40.0,,0.0001,9.968842094457583e-05,-40.01355283131816,100,empirically calibrated per-slot radius; Gaussian errors are unbounded; no deterministic or horizon guarantee,0.01131752756544302,0.012138782336453227,0.011767570979672895,0.012479325087230068,0.012465877383294828,0.012782031239848557,0.012782031239848557
60001,physical_pilot,32,3,1,2656535735,"{""L"": 2, ""K"": 3, ""M"": 12, ""N"": 32, ""bits"": 3, ""bs_x"": [-100.0, 100.0], ""bs_y"": [0.0, 0.0], ""ue_center_x"": [-15.0, 15.0], ""ue_center_y"": [0.0, 0.0], ""ue_radius"": 7.0, ""ris_x"": 0.0, ""ris_y"": 0.0, ""c0_db"": -30.0, ""alpha_bu"": 4.5, ""alpha_br"": 2.2, ""alpha_ru"": 2.2, ""rician_k"": 3.0, ""channel_scale"": 100000.0, ""direct_link_attenuation"": 0.25, ""include_direct_intercell"": true, ""inter_ris_attenuation"": 1.0, ""ris_size_model"": ""growing_aperture"", ""ris_reference_N"": 32, ""radius_floor"": 1e-10, ""estimation_snr_db"": 40.0, ""nmse_db"": null}",e6930af435039246c823340b1300c31ce59dba30be8e68baeb661d0d0468822b,3832679842,40.0,,0.0001,0.0001024071615703533,-39.8966967107766,100,empirically calibrated per-slot radius; Gaussian errors are unbounded; no deterministic or horizon guarantee,0.013220945664588748,0.016639585491436088,0.015117096147775023,0.017310477504008215,0.017175440549093656,0.021479559672354015,0.021479559672354015
