seed,mobility,channel_correlation,time_index,time,policy,old_configuration,new_configuration,epsilon_cert_old,triggered,reason,rho_obs,epsilon_est,rho_total,threshold,trigger_threshold,installed,reconfigured,design_status,switching_energy,controller_energy,n_changed_elements,n_changed_bits,algorithm_calls,fast_oracle_calls,strict_oracle_calls,primary_solver_calls,fallback_solver_calls,solver_error_count,solver_inaccurate_count,candidate_generation_runtime,certificate_runtime,strict_validation_runtime,calibration_runtime,drift_rate_nu,drift_calibration_source,drift_calibration_sha256,drift_calibration_quantile,predicted_lifetime,predicted_reuse_slots,actual_reuse_time,actual_reuse_slots,configuration_id,epsilon_est_offline,offline_calibration,epsilon_cert,epsilon_est_calibrated,reference_time,certificate_status,rho_obs_after,rho_total_after,epsilon_est_after,certified_budget_hold,trigger_budget_hold,runtime,sinr_min,qos_hold,rate,system_power,transmission_circuit_power,ris_static_state_power,instantaneous_wee,trajectory_id,csi_trajectory_id,observation_id,csi_noise_seed
60001,slow,0.9999,0,0.0,certificate_triggered,,8e7e514acdcceaf4315158017b9223f44ea1a6235d85b087ecd22caed333e967,,True,initial_design,0.0,0.0,0.0,0.0,0.0,True,False,SELECTED,0.00032,0.001,27,32,1,618,201,165,0,0,22,0.006715499999700114,36.73440110000229,32.48949789998733,0.0,0.3370943604829937,journal_results\exp1b_drift\smoke\20261003T215138172054_5ea5a964067d\drift_rate.json,bf7a0983fca86a56b860b8c44b7dce0596baa834595c63fc63116beffb05b90c,0.95,0.026050052516829045,0.2605005251682904,,,8e7e514acdcceaf4315158017b9223f44ea1a6235d85b087ecd22caed333e967,0.03070948698421103,"{""source"": ""journal_results\\exp1_csi\\smoke\\20261003T215134958149_e258dc1b485d\\joint_radius.json"", ""sha256"": ""e367c659e9ff5c33ba76b5aed776e6d356dae00502ac867535f609958ff26a8f"", ""quantile"": 0.99, ""scope_fingerprint"": ""3080a6c61690f2af638ad0b379044abc6a35745d85d5738086bc4095287eae88"", ""interpretation"": ""Offline maximum over calibration seeds of empirical all-user joint relative-error quantiles (per seed: max over phase profiles). This is an empirical offline calibration radius based on finite calibration drops; it is not a deterministic future-horizon guarantee and not a robust certificate.""}",0.044178314208984375,0.03070948698421103,0,VALIDATED,0.0,0.03070948698421103,0.03070948698421103,True,True,36.75272959999711,6.460471358754873,True,175024208.8610796,16.384609284942755,15.724609284942755,0.66,10682232.68661796,fdd7d443faf7104c4697f15b95d7d013690560a399e0f400ba9187acc6d28fb9,c984420bff8e79ac3cfbae2cfc07f279915c8948a77e108c5f40830165ac5c0f,b9dc0687863836196db7c50121290e1133ef397be27eac408d9d38963403614d,232208054
60001,slow,0.9999,1,0.1,certificate_triggered,8e7e514acdcceaf4315158017b9223f44ea1a6235d85b087ecd22caed333e967,160c0fa965ec1d6146e1b912358a7b61b22a0fa4de6583e06bce59049bee71c1,0.044178314208984375,True,certificate_threshold,0.01774821404696509,0.031254525532479295,0.049002739579444385,0.03976048278808594,0.03976048278808594,True,True,SELECTED,0.00029,0.001,23,29,1,528,179,149,0,0,33,0.00712750000457163,39.4083234000027,36.28000680002515,0.0,0.3370943604829937,journal_results\exp1b_drift\smoke\20261003T215138172054_5ea5a964067d\drift_rate.json,bf7a0983fca86a56b860b8c44b7dce0596baa834595c63fc63116beffb05b90c,0.95,0.06993614284017477,0.6993614284017476,0.1,1,160c0fa965ec1d6146e1b912358a7b61b22a0fa4de6583e06bce59049bee71c1,0.03070948698421103,"{""source"": ""journal_results\\exp1_csi\\smoke\\20261003T215134958149_e258dc1b485d\\joint_radius.json"", ""sha256"": ""e367c659e9ff5c33ba76b5aed776e6d356dae00502ac867535f609958ff26a8f"", ""quantile"": 0.99, ""scope_fingerprint"": ""3080a6c61690f2af638ad0b379044abc6a35745d85d5738086bc4095287eae88"", ""interpretation"": ""Offline maximum over calibration seeds of empirical all-user joint relative-error quantiles (per seed: max over phase profiles). This is an empirical offline calibration radius based on finite calibration drops; it is not a deterministic future-horizon guarantee and not a robust certificate.""}",0.06112060546874999,0.03070948698421103,1,VALIDATED,0.0,0.03070948698421103,0.03070948698421103,True,True,39.426172499999666,10.620171303762765,True,213060039.1301702,17.404183189419566,16.748183189419567,0.656,12241886.724089107,fdd7d443faf7104c4697f15b95d7d013690560a399e0f400ba9187acc6d28fb9,c984420bff8e79ac3cfbae2cfc07f279915c8948a77e108c5f40830165ac5c0f,398f2103b79d9db0cd1c0088831795d799637c383f5de5c59d6c770337f884b3,3411377875
60001,slow,0.9999,2,0.2,certificate_triggered,160c0fa965ec1d6146e1b912358a7b61b22a0fa4de6583e06bce59049bee71c1,fca8774f0a82db0ed335795404dd0f5ee0725c71b717516e27ef38362d34dbb2,0.06112060546874999,True,certificate_threshold,0.04153010576735788,0.03198485522672661,0.0735149609940845,0.05500854492187499,0.05500854492187499,True,True,SELECTED,0.00027,0.001,23,27,1,522,169,133,0,0,28,0.005485200003022328,35.284022800005914,32.103759300029196,0.0,0.3370943604829937,journal_results\exp1b_drift\smoke\20261003T215138172054_5ea5a964067d\drift_rate.json,bf7a0983fca86a56b860b8c44b7dce0596baa834595c63fc63116beffb05b90c,0.95,0.01777859977578221,0.17778599775782208,0.1,1,fca8774f0a82db0ed335795404dd0f5ee0725c71b717516e27ef38362d34dbb2,0.03070948698421103,"{""source"": ""journal_results\\exp1_csi\\smoke\\20261003T215134958149_e258dc1b485d\\joint_radius.json"", ""sha256"": ""e367c659e9ff5c33ba76b5aed776e6d356dae00502ac867535f609958ff26a8f"", ""quantile"": 0.99, ""scope_fingerprint"": ""3080a6c61690f2af638ad0b379044abc6a35745d85d5738086bc4095287eae88"", ""interpretation"": ""Offline maximum over calibration seeds of empirical all-user joint relative-error quantiles (per seed: max over phase profiles). This is an empirical offline calibration radius based on finite calibration drops; it is not a deterministic future-horizon guarantee and not a robust certificate.""}",0.04098510742187501,0.03070948698421103,2,VALIDATED,0.0,0.03070948698421103,0.03070948698421103,True,True,35.29965439999796,3.2262676015776255,True,125246314.23842248,15.316146017054775,14.656146017054775,0.66,8177404.034863516,fdd7d443faf7104c4697f15b95d7d013690560a399e0f400ba9187acc6d28fb9,c984420bff8e79ac3cfbae2cfc07f279915c8948a77e108c5f40830165ac5c0f,07b7cb2adcd9c0453f27d2473b03b3fe8b0460767d9f6e817e7c45dfae0b2d47,1327477118
60001,slow,0.9999,3,0.30000000000000004,certificate_triggered,fca8774f0a82db0ed335795404dd0f5ee0725c71b717516e27ef38362d34dbb2,e25288396c041e07d30a1849f6a1111853362cd594203ee7cc6fd3ef8ecf27d7,0.04098510742187501,True,certificate_threshold,0.019587897075617915,0.03131102125450278,0.050898918330120696,0.03688659667968751,0.03688659667968751,True,True,SELECTED,0.00030000000000000003,0.001,21,30,1,618,253,217,0,0,37,0.006411900008970406,52.7556849000066,48.83536459998504,0.0,0.3370943604829937,journal_results\exp1b_drift\smoke\20261003T215138172054_5ea5a964067d\drift_rate.json,bf7a0983fca86a56b860b8c44b7dce0596baa834595c63fc63116beffb05b90c,0.95,0.024397105827716536,0.24397105827716536,0.1,1,e25288396c041e07d30a1849f6a1111853362cd594203ee7cc6fd3ef8ecf27d7,0.03070948698421103,"{""source"": ""journal_results\\exp1_csi\\smoke\\20261003T215134958149_e258dc1b485d\\joint_radius.json"", ""sha256"": ""e367c659e9ff5c33ba76b5aed776e6d356dae00502ac867535f609958ff26a8f"", ""quantile"": 0.99, ""scope_fingerprint"": ""3080a6c61690f2af638ad0b379044abc6a35745d85d5738086bc4095287eae88"", ""interpretation"": ""Offline maximum over calibration seeds of empirical all-user joint relative-error quantiles (per seed: max over phase profiles). This is an empirical offline calibration radius based on finite calibration drops; it is not a deterministic future-horizon guarantee and not a robust certificate.""}",0.04354019165039063,0.03070948698421103,3,VALIDATED,0.0,0.03070948698421103,0.03070948698421103,True,True,52.776046800001495,5.93275735376872,True,168368478.799961,16.20063924786116,15.51663924786116,0.684,10392705.881787308,fdd7d443faf7104c4697f15b95d7d013690560a399e0f400ba9187acc6d28fb9,c984420bff8e79ac3cfbae2cfc07f279915c8948a77e108c5f40830165ac5c0f,998f74ee4986c9bbb47b2d4a2b3d7372cb2bc2a3ce3d226dc5ef0546d596201f,53028105
60001,slow,0.9999,4,0.4,certificate_triggered,e25288396c041e07d30a1849f6a1111853362cd594203ee7cc6fd3ef8ecf27d7,aded8c9acdc5084a32b97b36ac69b9fa36222d9c0c559b54c1ba937b0e5ae223,0.04354019165039063,True,certificate_threshold,0.03580108331308682,0.031808919886234924,0.06761000319932174,0.03918617248535157,0.03918617248535157,True,True,SELECTED,0.00031,0.001,23,31,1,624,219,183,0,0,39,0.005537400000321213,52.01154530000713,47.85688829999708,0.0,0.3370943604829937,journal_results\exp1b_drift\smoke\20261003T215138172054_5ea5a964067d\drift_rate.json,bf7a0983fca86a56b860b8c44b7dce0596baa834595c63fc63116beffb05b90c,0.95,0.04005385481124729,0.4005385481124729,0.1,1,aded8c9acdc5084a32b97b36ac69b9fa36222d9c0c559b54c1ba937b0e5ae223,0.03070948698421103,"{""source"": ""journal_results\\exp1_csi\\smoke\\20261003T215134958149_e258dc1b485d\\joint_radius.json"", ""sha256"": ""e367c659e9ff5c33ba76b5aed776e6d356dae00502ac867535f609958ff26a8f"", ""quantile"": 0.99, ""scope_fingerprint"": ""3080a6c61690f2af638ad0b379044abc6a35745d85d5738086bc4095287eae88"", ""interpretation"": ""Offline maximum over calibration seeds of empirical all-user joint relative-error quantiles (per seed: max over phase profiles). This is an empirical offline calibration radius based on finite calibration drops; it is not a deterministic future-horizon guarantee and not a robust certificate.""}",0.04958450317382813,0.03070948698421103,4,VALIDATED,0.0,0.03070948698421103,0.03070948698421103,True,True,52.029118800001015,7.650295184073487,True,187923191.9983184,17.279620673293593,16.61562067329359,0.664,10875423.45699532,fdd7d443faf7104c4697f15b95d7d013690560a399e0f400ba9187acc6d28fb9,c984420bff8e79ac3cfbae2cfc07f279915c8948a77e108c5f40830165ac5c0f,913a698c17a0674ec85ecbb949e0dc696eb26279e781bc3452ed2548d469f4da,3753443394
60001,slow,0.9999,5,0.5,certificate_triggered,aded8c9acdc5084a32b97b36ac69b9fa36222d9c0c559b54c1ba937b0e5ae223,032bb7c217b7dadde37fab269b98e90fc5060dfcf77d2441a72f4d57e9ef85b2,0.04958450317382813,True,certificate_threshold,0.029555462700932934,0.031617120081337664,0.0611725827822706,0.04462605285644532,0.04462605285644532,True,True,SELECTED,0.00029,0.001,25,29,1,630,181,145,0,0,30,0.00543669999751728,41.927785400002904,37.819063599999936,0.0,0.3370943604829937,journal_results\exp1b_drift\smoke\20261003T215138172054_5ea5a964067d\drift_rate.json,bf7a0983fca86a56b860b8c44b7dce0596baa834595c63fc63116beffb05b90c,0.95,0.0660942868339161,0.660942868339161,0.1,1,032bb7c217b7dadde37fab269b98e90fc5060dfcf77d2441a72f4d57e9ef85b2,0.03070948698421103,"{""source"": ""journal_results\\exp1_csi\\smoke\\20261003T215134958149_e258dc1b485d\\joint_radius.json"", ""sha256"": ""e367c659e9ff5c33ba76b5aed776e6d356dae00502ac867535f609958ff26a8f"", ""quantile"": 0.99, ""scope_fingerprint"": ""3080a6c61690f2af638ad0b379044abc6a35745d85d5738086bc4095287eae88"", ""interpretation"": ""Offline maximum over calibration seeds of empirical all-user joint relative-error quantiles (per seed: max over phase profiles). This is an empirical offline calibration radius based on finite calibration drops; it is not a deterministic future-horizon guarantee and not a robust certificate.""}",0.059637451171874994,0.03070948698421103,5,VALIDATED,0.0,0.03070948698421103,0.03070948698421103,True,True,41.94590980000066,5.938747599377722,True,168410304.8578654,16.064554121621224,15.420554121621224,0.644,10483347.597628158,fdd7d443faf7104c4697f15b95d7d013690560a399e0f400ba9187acc6d28fb9,c984420bff8e79ac3cfbae2cfc07f279915c8948a77e108c5f40830165ac5c0f,44967242a97745057648d438dc2f78669f037cd01083a0b6a4e1fcb62eec8710,493640352
60001,slow,0.9999,6,0.6000000000000001,certificate_triggered,032bb7c217b7dadde37fab269b98e90fc5060dfcf77d2441a72f4d57e9ef85b2,d45f63513ced40dbdacc80da28144052b90719cc93b8c9a1613c07a5e29f85d9,0.059637451171874994,True,certificate_threshold,0.04591107506990952,0.03211939254650155,0.07803046761641107,0.0536737060546875,0.0536737060546875,True,True,SELECTED,0.00030000000000000003,0.001,24,30,1,522,185,149,0,0,34,0.0050425000008544885,41.95961590000661,38.49899809999988,0.0,0.3370943604829937,journal_results\exp1b_drift\smoke\20261003T215138172054_5ea5a964067d\drift_rate.json,bf7a0983fca86a56b860b8c44b7dce0596baa834595c63fc63116beffb05b90c,0.95,0.011723328786493825,0.11723328786493824,0.1,1,d45f63513ced40dbdacc80da28144052b90719cc93b8c9a1613c07a5e29f85d9,0.03070948698421103,"{""source"": ""journal_results\\exp1_csi\\smoke\\20261003T215134958149_e258dc1b485d\\joint_radius.json"", ""sha256"": ""e367c659e9ff5c33ba76b5aed776e6d356dae00502ac867535f609958ff26a8f"", ""quantile"": 0.99, ""scope_fingerprint"": ""3080a6c61690f2af638ad0b379044abc6a35745d85d5738086bc4095287eae88"", ""interpretation"": ""Offline maximum over calibration seeds of empirical all-user joint relative-error quantiles (per seed: max over phase profiles). This is an empirical offline calibration radius based on finite calibration drops; it is not a deterministic future-horizon guarantee and not a robust certificate.""}",0.0386474609375,0.03070948698421103,6,VALIDATED,0.0,0.03070948698421103,0.03070948698421103,True,True,41.97561700000006,3.2056735919333628,True,125191857.4201717,15.153469245352717,14.493469245352717,0.66,8261597.089957844,fdd7d443faf7104c4697f15b95d7d013690560a399e0f400ba9187acc6d28fb9,c984420bff8e79ac3cfbae2cfc07f279915c8948a77e108c5f40830165ac5c0f,57fa4a316e82df3e6116ba752e5d9a70adcb6d7e7203f1817db5707ae61ee967,1191807485
60001,slow,0.9999,7,0.7000000000000001,certificate_triggered,d45f63513ced40dbdacc80da28144052b90719cc93b8c9a1613c07a5e29f85d9,07e23ef79a0877994f19170c9395070e8d715991f5e71170ae02262099667ddd,0.0386474609375,True,certificate_threshold,0.027144077982718583,0.031543067693719735,0.05868714567643832,0.03478271484375001,0.03478271484375001,True,True,SELECTED,0.00029,0.001,23,29,1,606,241,205,0,0,34,0.006140499997854931,47.81494920000114,44.04667449999397,0.0,0.3370943604829937,journal_results\exp1b_drift\smoke\20261003T215138172054_5ea5a964067d\drift_rate.json,bf7a0983fca86a56b860b8c44b7dce0596baa834595c63fc63116beffb05b90c,0.95,0.08065302388479391,0.8065302388479391,0.1,1,07e23ef79a0877994f19170c9395070e8d715991f5e71170ae02262099667ddd,0.03070948698421103,"{""source"": ""journal_results\\exp1_csi\\smoke\\20261003T215134958149_e258dc1b485d\\joint_radius.json"", ""sha256"": ""e367c659e9ff5c33ba76b5aed776e6d356dae00502ac867535f609958ff26a8f"", ""quantile"": 0.99, ""scope_fingerprint"": ""3080a6c61690f2af638ad0b379044abc6a35745d85d5738086bc4095287eae88"", ""interpretation"": ""Offline maximum over calibration seeds of empirical all-user joint relative-error quantiles (per seed: max over phase profiles). This is an empirical offline calibration radius based on finite calibration drops; it is not a deterministic future-horizon guarantee and not a robust certificate.""}",0.06525787353515625,0.03070948698421103,7,VALIDATED,0.0,0.03070948698421103,0.03070948698421103,True,True,47.83454079999865,10.930854049660688,True,215084400.02268517,17.62183795509737,16.97383795509737,0.648,12205559.97454675,fdd7d443faf7104c4697f15b95d7d013690560a399e0f400ba9187acc6d28fb9,c984420bff8e79ac3cfbae2cfc07f279915c8948a77e108c5f40830165ac5c0f,c8c524015a34aefb93e377908b58d3b6ee8fd139bbab058ae6ea3b60695c6f74,3964375408
60001,slow,0.9999,8,0.8,certificate_triggered,07e23ef79a0877994f19170c9395070e8d715991f5e71170ae02262099667ddd,,0.06525787353515625,False,within_certificate_threshold,0.025401600818432894,0.03148955711392282,0.05689115793235571,0.05873208618164062,0.05873208618164062,False,False,REUSE,0.0,0.0,0,0,0,0,0,0,0,0,0,0.0,0.0,0.0,0.0,0.3370943604829937,journal_results\exp1b_drift\smoke\20261003T215138172054_5ea5a964067d\drift_rate.json,bf7a0983fca86a56b860b8c44b7dce0596baa834595c63fc63116beffb05b90c,0.95,,,,,07e23ef79a0877994f19170c9395070e8d715991f5e71170ae02262099667ddd,0.03070948698421103,"{""source"": ""journal_results\\exp1_csi\\smoke\\20261003T215134958149_e258dc1b485d\\joint_radius.json"", ""sha256"": ""e367c659e9ff5c33ba76b5aed776e6d356dae00502ac867535f609958ff26a8f"", ""quantile"": 0.99, ""scope_fingerprint"": ""3080a6c61690f2af638ad0b379044abc6a35745d85d5738086bc4095287eae88"", ""interpretation"": ""Offline maximum over calibration seeds of empirical all-user joint relative-error quantiles (per seed: max over phase profiles). This is an empirical offline calibration radius based on finite calibration drops; it is not a deterministic future-horizon guarantee and not a robust certificate.""}",0.06525787353515625,0.03070948698421103,7,VALIDATED,0.025401600818432894,0.05689115793235571,0.03148955711392282,True,True,0.0006056999991415069,10.941413853784734,True,215089640.97186977,17.62183795509737,16.97383795509737,0.648,12205857.3867235,fdd7d443faf7104c4697f15b95d7d013690560a399e0f400ba9187acc6d28fb9,c984420bff8e79ac3cfbae2cfc07f279915c8948a77e108c5f40830165ac5c0f,fc051cf78bb60a3212e97bb3dd445a81c2834da6a55e5d07e695b03b4b36974f,255010756
60001,slow,0.9999,9,0.9,certificate_triggered,07e23ef79a0877994f19170c9395070e8d715991f5e71170ae02262099667ddd,,0.06525787353515625,False,within_certificate_threshold,0.026188167920004033,0.031513712186090725,0.057701880106094755,0.05873208618164062,0.05873208618164062,False,False,REUSE,0.0,0.0,0,0,0,0,0,0,0,0,0,0.0,0.0,0.0,0.0,0.3370943604829937,journal_results\exp1b_drift\smoke\20261003T215138172054_5ea5a964067d\drift_rate.json,bf7a0983fca86a56b860b8c44b7dce0596baa834595c63fc63116beffb05b90c,0.95,,,,,07e23ef79a0877994f19170c9395070e8d715991f5e71170ae02262099667ddd,0.03070948698421103,"{""source"": ""journal_results\\exp1_csi\\smoke\\20261003T215134958149_e258dc1b485d\\joint_radius.json"", ""sha256"": ""e367c659e9ff5c33ba76b5aed776e6d356dae00502ac867535f609958ff26a8f"", ""quantile"": 0.99, ""scope_fingerprint"": ""3080a6c61690f2af638ad0b379044abc6a35745d85d5738086bc4095287eae88"", ""interpretation"": ""Offline maximum over calibration seeds of empirical all-user joint relative-error quantiles (per seed: max over phase profiles). This is an empirical offline calibration radius based on finite calibration drops; it is not a deterministic future-horizon guarantee and not a robust certificate.""}",0.06525787353515625,0.03070948698421103,7,VALIDATED,0.026188167920004033,0.057701880106094755,0.031513712186090725,True,True,0.0005550999994738959,10.93784146307887,True,215044710.3839616,17.62183795509737,16.97383795509737,0.648,12203307.676073415,fdd7d443faf7104c4697f15b95d7d013690560a399e0f400ba9187acc6d28fb9,c984420bff8e79ac3cfbae2cfc07f279915c8948a77e108c5f40830165ac5c0f,fff7346d493bb20747c7ab4d19b66b657dff50eb708863d45bfb25e97afa03ca,1758283405
60001,slow,0.9999,0,0.0,static,,8e7e514acdcceaf4315158017b9223f44ea1a6235d85b087ecd22caed333e967,,True,initial_design,0.0,0.0,0.0,0.0,0.0,True,False,SELECTED,0.00032,0.001,27,32,1,618,201,165,0,0,22,0.005043199995270697,35.79164679999303,31.79259019994788,0.0,0.3370943604829937,journal_results\exp1b_drift\smoke\20261003T215138172054_5ea5a964067d\drift_rate.json,bf7a0983fca86a56b860b8c44b7dce0596baa834595c63fc63116beffb05b90c,0.95,0.026050052516829045,0.2605005251682904,,,8e7e514acdcceaf4315158017b9223f44ea1a6235d85b087ecd22caed333e967,0.03070948698421103,"{""source"": ""journal_results\\exp1_csi\\smoke\\20261003T215134958149_e258dc1b485d\\joint_radius.json"", ""sha256"": ""e367c659e9ff5c33ba76b5aed776e6d356dae00502ac867535f609958ff26a8f"", ""quantile"": 0.99, ""scope_fingerprint"": ""3080a6c61690f2af638ad0b379044abc6a35745d85d5738086bc4095287eae88"", ""interpretation"": ""Offline maximum over calibration seeds of empirical all-user joint relative-error quantiles (per seed: max over phase profiles). This is an empirical offline calibration radius based on finite calibration drops; it is not a deterministic future-horizon guarantee and not a robust certificate.""}",0.044178314208984375,0.03070948698421103,0,VALIDATED,0.0,0.03070948698421103,0.03070948698421103,True,True,35.80899909999789,6.460471358754873,True,175024208.8610796,16.384609284942755,15.724609284942755,0.66,10682232.68661796,fdd7d443faf7104c4697f15b95d7d013690560a399e0f400ba9187acc6d28fb9,c984420bff8e79ac3cfbae2cfc07f279915c8948a77e108c5f40830165ac5c0f,b9dc0687863836196db7c50121290e1133ef397be27eac408d9d38963403614d,232208054
60001,slow,0.9999,1,0.1,static,8e7e514acdcceaf4315158017b9223f44ea1a6235d85b087ecd22caed333e967,,0.044178314208984375,False,static_baseline,0.01774821404696509,0.031254525532479295,0.049002739579444385,0.03976048278808594,0.03976048278808594,False,False,REUSE,0.0,0.0,0,0,0,0,0,0,0,0,0,0.0,0.0,0.0,0.0,0.3370943604829937,journal_results\exp1b_drift\smoke\20261003T215138172054_5ea5a964067d\drift_rate.json,bf7a0983fca86a56b860b8c44b7dce0596baa834595c63fc63116beffb05b90c,0.95,,,,,8e7e514acdcceaf4315158017b9223f44ea1a6235d85b087ecd22caed333e967,0.03070948698421103,"{""source"": ""journal_results\\exp1_csi\\smoke\\20261003T215134958149_e258dc1b485d\\joint_radius.json"", ""sha256"": ""e367c659e9ff5c33ba76b5aed776e6d356dae00502ac867535f609958ff26a8f"", ""quantile"": 0.99, ""scope_fingerprint"": ""3080a6c61690f2af638ad0b379044abc6a35745d85d5738086bc4095287eae88"", ""interpretation"": ""Offline maximum over calibration seeds of empirical all-user joint relative-error quantiles (per seed: max over phase profiles). This is an empirical offline calibration radius based on finite calibration drops; it is not a deterministic future-horizon guarantee and not a robust certificate.""}",0.044178314208984375,0.03070948698421103,0,VALIDATED,0.01774821404696509,0.049002739579444385,0.031254525532479295,False,False,0.0006195999994815793,6.49891298901213,True,175034811.96664146,16.384609284942755,15.724609284942755,0.66,10682879.824757017,fdd7d443faf7104c4697f15b95d7d013690560a399e0f400ba9187acc6d28fb9,c984420bff8e79ac3cfbae2cfc07f279915c8948a77e108c5f40830165ac5c0f,398f2103b79d9db0cd1c0088831795d799637c383f5de5c59d6c770337f884b3,3411377875
60001,slow,0.9999,2,0.2,static,8e7e514acdcceaf4315158017b9223f44ea1a6235d85b087ecd22caed333e967,,0.044178314208984375,False,static_baseline,0.019442312753301317,0.03130655043465149,0.05074886318795281,0.03976048278808594,0.03976048278808594,False,False,REUSE,0.0,0.0,0,0,0,0,0,0,0,0,0,0.0,0.0,0.0,0.0,0.3370943604829937,journal_results\exp1b_drift\smoke\20261003T215138172054_5ea5a964067d\drift_rate.json,bf7a0983fca86a56b860b8c44b7dce0596baa834595c63fc63116beffb05b90c,0.95,,,,,8e7e514acdcceaf4315158017b9223f44ea1a6235d85b087ecd22caed333e967,0.03070948698421103,"{""source"": ""journal_results\\exp1_csi\\smoke\\20261003T215134958149_e258dc1b485d\\joint_radius.json"", ""sha256"": ""e367c659e9ff5c33ba76b5aed776e6d356dae00502ac867535f609958ff26a8f"", ""quantile"": 0.99, ""scope_fingerprint"": ""3080a6c61690f2af638ad0b379044abc6a35745d85d5738086bc4095287eae88"", ""interpretation"": ""Offline maximum over calibration seeds of empirical all-user joint relative-error quantiles (per seed: max over phase profiles). This is an empirical offline calibration radius based on finite calibration drops; it is not a deterministic future-horizon guarantee and not a robust certificate.""}",0.044178314208984375,0.03070948698421103,0,VALIDATED,0.019442312753301317,0.05074886318795281,0.03130655043465149,False,False,0.0007192000011855271,6.473838501911837,True,174960280.83619356,16.384609284942755,15.724609284942755,0.66,10678330.974726373,fdd7d443faf7104c4697f15b95d7d013690560a399e0f400ba9187acc6d28fb9,c984420bff8e79ac3cfbae2cfc07f279915c8948a77e108c5f40830165ac5c0f,07b7cb2adcd9c0453f27d2473b03b3fe8b0460767d9f6e817e7c45dfae0b2d47,1327477118
60001,slow,0.9999,3,0.30000000000000004,static,8e7e514acdcceaf4315158017b9223f44ea1a6235d85b087ecd22caed333e967,,0.044178314208984375,False,static_baseline,0.01835244992164953,0.03127308130620832,0.049625531227857844,0.03976048278808594,0.03976048278808594,False,False,REUSE,0.0,0.0,0,0,0,0,0,0,0,0,0,0.0,0.0,0.0,0.0,0.3370943604829937,journal_results\exp1b_drift\smoke\20261003T215138172054_5ea5a964067d\drift_rate.json,bf7a0983fca86a56b860b8c44b7dce0596baa834595c63fc63116beffb05b90c,0.95,,,,,8e7e514acdcceaf4315158017b9223f44ea1a6235d85b087ecd22caed333e967,0.03070948698421103,"{""source"": ""journal_results\\exp1_csi\\smoke\\20261003T215134958149_e258dc1b485d\\joint_radius.json"", ""sha256"": ""e367c659e9ff5c33ba76b5aed776e6d356dae00502ac867535f609958ff26a8f"", ""quantile"": 0.99, ""scope_fingerprint"": ""3080a6c61690f2af638ad0b379044abc6a35745d85d5738086bc4095287eae88"", ""interpretation"": ""Offline maximum over calibration seeds of empirical all-user joint relative-error quantiles (per seed: max over phase profiles). This is an empirical offline calibration radius based on finite calibration drops; it is not a deterministic future-horizon guarantee and not a robust certificate.""}",0.044178314208984375,0.03070948698421103,0,VALIDATED,0.01835244992164953,0.049625531227857844,0.03127308130620832,False,False,0.0005110999991302378,6.488782960179375,True,174883598.14137253,16.384609284942755,15.724609284942755,0.66,10673650.808511395,fdd7d443faf7104c4697f15b95d7d013690560a399e0f400ba9187acc6d28fb9,c984420bff8e79ac3cfbae2cfc07f279915c8948a77e108c5f40830165ac5c0f,998f74ee4986c9bbb47b2d4a2b3d7372cb2bc2a3ce3d226dc5ef0546d596201f,53028105
60001,slow,0.9999,4,0.4,static,8e7e514acdcceaf4315158017b9223f44ea1a6235d85b087ecd22caed333e967,,0.044178314208984375,False,static_baseline,0.020974167963955397,0.031353592922304774,0.05232776088626017,0.03976048278808594,0.03976048278808594,False,False,REUSE,0.0,0.0,0,0,0,0,0,0,0,0,0,0.0,0.0,0.0,0.0,0.3370943604829937,journal_results\exp1b_drift\smoke\20261003T215138172054_5ea5a964067d\drift_rate.json,bf7a0983fca86a56b860b8c44b7dce0596baa834595c63fc63116beffb05b90c,0.95,,,,,8e7e514acdcceaf4315158017b9223f44ea1a6235d85b087ecd22caed333e967,0.03070948698421103,"{""source"": ""journal_results\\exp1_csi\\smoke\\20261003T215134958149_e258dc1b485d\\joint_radius.json"", ""sha256"": ""e367c659e9ff5c33ba76b5aed776e6d356dae00502ac867535f609958ff26a8f"", ""quantile"": 0.99, ""scope_fingerprint"": ""3080a6c61690f2af638ad0b379044abc6a35745d85d5738086bc4095287eae88"", ""interpretation"": ""Offline maximum over calibration seeds of empirical all-user joint relative-error quantiles (per seed: max over phase profiles). This is an empirical offline calibration radius based on finite calibration drops; it is not a deterministic future-horizon guarantee and not a robust certificate.""}",0.044178314208984375,0.03070948698421103,0,VALIDATED,0.020974167963955397,0.05232776088626017,0.031353592922304774,False,False,0.0004820000031031668,6.4846989748593495,True,175001154.02748328,16.384609284942755,15.724609284942755,0.66,10680825.58357416,fdd7d443faf7104c4697f15b95d7d013690560a399e0f400ba9187acc6d28fb9,c984420bff8e79ac3cfbae2cfc07f279915c8948a77e108c5f40830165ac5c0f,913a698c17a0674ec85ecbb949e0dc696eb26279e781bc3452ed2548d469f4da,3753443394
60001,slow,0.9999,5,0.5,static,8e7e514acdcceaf4315158017b9223f44ea1a6235d85b087ecd22caed333e967,,0.044178314208984375,False,static_baseline,0.02863443407598774,0.03158883576476782,0.06022326984075556,0.03976048278808594,0.03976048278808594,False,False,REUSE,0.0,0.0,0,0,0,0,0,0,0,0,0,0.0,0.0,0.0,0.0,0.3370943604829937,journal_results\exp1b_drift\smoke\20261003T215138172054_5ea5a964067d\drift_rate.json,bf7a0983fca86a56b860b8c44b7dce0596baa834595c63fc63116beffb05b90c,0.95,,,,,8e7e514acdcceaf4315158017b9223f44ea1a6235d85b087ecd22caed333e967,0.03070948698421103,"{""source"": ""journal_results\\exp1_csi\\smoke\\20261003T215134958149_e258dc1b485d\\joint_radius.json"", ""sha256"": ""e367c659e9ff5c33ba76b5aed776e6d356dae00502ac867535f609958ff26a8f"", ""quantile"": 0.99, ""scope_fingerprint"": ""3080a6c61690f2af638ad0b379044abc6a35745d85d5738086bc4095287eae88"", ""interpretation"": ""Offline maximum over calibration seeds of empirical all-user joint relative-error quantiles (per seed: max over phase profiles). This is an empirical offline calibration radius based on finite calibration drops; it is not a deterministic future-horizon guarantee and not a robust certificate.""}",0.044178314208984375,0.03070948698421103,0,VALIDATED,0.02863443407598774,0.06022326984075556,0.03158883576476782,False,False,0.00048379999861936085,6.39722627384858,True,174927831.9132343,16.384609284942755,15.724609284942755,0.66,10676350.523292046,fdd7d443faf7104c4697f15b95d7d013690560a399e0f400ba9187acc6d28fb9,c984420bff8e79ac3cfbae2cfc07f279915c8948a77e108c5f40830165ac5c0f,44967242a97745057648d438dc2f78669f037cd01083a0b6a4e1fcb62eec8710,493640352
60001,slow,0.9999,6,0.6000000000000001,static,8e7e514acdcceaf4315158017b9223f44ea1a6235d85b087ecd22caed333e967,,0.044178314208984375,False,static_baseline,0.026185853205567433,0.03151364110239786,0.057699494307965296,0.03976048278808594,0.03976048278808594,False,False,REUSE,0.0,0.0,0,0,0,0,0,0,0,0,0,0.0,0.0,0.0,0.0,0.3370943604829937,journal_results\exp1b_drift\smoke\20261003T215138172054_5ea5a964067d\drift_rate.json,bf7a0983fca86a56b860b8c44b7dce0596baa834595c63fc63116beffb05b90c,0.95,,,,,8e7e514acdcceaf4315158017b9223f44ea1a6235d85b087ecd22caed333e967,0.03070948698421103,"{""source"": ""journal_results\\exp1_csi\\smoke\\20261003T215134958149_e258dc1b485d\\joint_radius.json"", ""sha256"": ""e367c659e9ff5c33ba76b5aed776e6d356dae00502ac867535f609958ff26a8f"", ""quantile"": 0.99, ""scope_fingerprint"": ""3080a6c61690f2af638ad0b379044abc6a35745d85d5738086bc4095287eae88"", ""interpretation"": ""Offline maximum over calibration seeds of empirical all-user joint relative-error quantiles (per seed: max over phase profiles). This is an empirical offline calibration radius based on finite calibration drops; it is not a deterministic future-horizon guarantee and not a robust certificate.""}",0.044178314208984375,0.03070948698421103,0,VALIDATED,0.026185853205567433,0.057699494307965296,0.03151364110239786,False,False,0.00047089999861782417,6.2824465783058985,True,174979816.41940662,16.384609284942755,15.724609284942755,0.66,10679523.287760718,fdd7d443faf7104c4697f15b95d7d013690560a399e0f400ba9187acc6d28fb9,c984420bff8e79ac3cfbae2cfc07f279915c8948a77e108c5f40830165ac5c0f,57fa4a316e82df3e6116ba752e5d9a70adcb6d7e7203f1817db5707ae61ee967,1191807485
60001,slow,0.9999,7,0.7000000000000001,static,8e7e514acdcceaf4315158017b9223f44ea1a6235d85b087ecd22caed333e967,,0.044178314208984375,False,static_baseline,0.02778880165859024,0.03156286682705233,0.05935166848564257,0.03976048278808594,0.03976048278808594,False,False,REUSE,0.0,0.0,0,0,0,0,0,0,0,0,0,0.0,0.0,0.0,0.0,0.3370943604829937,journal_results\exp1b_drift\smoke\20261003T215138172054_5ea5a964067d\drift_rate.json,bf7a0983fca86a56b860b8c44b7dce0596baa834595c63fc63116beffb05b90c,0.95,,,,,8e7e514acdcceaf4315158017b9223f44ea1a6235d85b087ecd22caed333e967,0.03070948698421103,"{""source"": ""journal_results\\exp1_csi\\smoke\\20261003T215134958149_e258dc1b485d\\joint_radius.json"", ""sha256"": ""e367c659e9ff5c33ba76b5aed776e6d356dae00502ac867535f609958ff26a8f"", ""quantile"": 0.99, ""scope_fingerprint"": ""3080a6c61690f2af638ad0b379044abc6a35745d85d5738086bc4095287eae88"", ""interpretation"": ""Offline maximum over calibration seeds of empirical all-user joint relative-error quantiles (per seed: max over phase profiles). This is an empirical offline calibration radius based on finite calibration drops; it is not a deterministic future-horizon guarantee and not a robust certificate.""}",0.044178314208984375,0.03070948698421103,0,VALIDATED,0.02778880165859024,0.05935166848564257,0.03156286682705233,False,False,0.00045119999776943587,6.318241635477984,True,174818417.49555108,16.384609284942755,15.724609284942755,0.66,10669672.645548342,fdd7d443faf7104c4697f15b95d7d013690560a399e0f400ba9187acc6d28fb9,c984420bff8e79ac3cfbae2cfc07f279915c8948a77e108c5f40830165ac5c0f,c8c524015a34aefb93e377908b58d3b6ee8fd139bbab058ae6ea3b60695c6f74,3964375408
60001,slow,0.9999,8,0.8,static,8e7e514acdcceaf4315158017b9223f44ea1a6235d85b087ecd22caed333e967,,0.044178314208984375,False,static_baseline,0.02731941266395859,0.031548452131831155,0.058867864795789746,0.03976048278808594,0.03976048278808594,False,False,REUSE,0.0,0.0,0,0,0,0,0,0,0,0,0,0.0,0.0,0.0,0.0,0.3370943604829937,journal_results\exp1b_drift\smoke\20261003T215138172054_5ea5a964067d\drift_rate.json,bf7a0983fca86a56b860b8c44b7dce0596baa834595c63fc63116beffb05b90c,0.95,,,,,8e7e514acdcceaf4315158017b9223f44ea1a6235d85b087ecd22caed333e967,0.03070948698421103,"{""source"": ""journal_results\\exp1_csi\\smoke\\20261003T215134958149_e258dc1b485d\\joint_radius.json"", ""sha256"": ""e367c659e9ff5c33ba76b5aed776e6d356dae00502ac867535f609958ff26a8f"", ""quantile"": 0.99, ""scope_fingerprint"": ""3080a6c61690f2af638ad0b379044abc6a35745d85d5738086bc4095287eae88"", ""interpretation"": ""Offline maximum over calibration seeds of empirical all-user joint relative-error quantiles (per seed: max over phase profiles). This is an empirical offline calibration radius based on finite calibration drops; it is not a deterministic future-horizon guarantee and not a robust certificate.""}",0.044178314208984375,0.03070948698421103,0,VALIDATED,0.02731941266395859,0.058867864795789746,0.031548452131831155,False,False,0.0006888999996590428,6.3648565208498376,True,174503930.84601626,16.384609284942755,15.724609284942755,0.66,10650478.61753915,fdd7d443faf7104c4697f15b95d7d013690560a399e0f400ba9187acc6d28fb9,c984420bff8e79ac3cfbae2cfc07f279915c8948a77e108c5f40830165ac5c0f,fc051cf78bb60a3212e97bb3dd445a81c2834da6a55e5d07e695b03b4b36974f,255010756
60001,slow,0.9999,9,0.9,static,8e7e514acdcceaf4315158017b9223f44ea1a6235d85b087ecd22caed333e967,,0.044178314208984375,False,static_baseline,0.03045920857951377,0.03164487365363297,0.06210408223314674,0.03976048278808594,0.03976048278808594,False,False,REUSE,0.0,0.0,0,0,0,0,0,0,0,0,0,0.0,0.0,0.0,0.0,0.3370943604829937,journal_results\exp1b_drift\smoke\20261003T215138172054_5ea5a964067d\drift_rate.json,bf7a0983fca86a56b860b8c44b7dce0596baa834595c63fc63116beffb05b90c,0.95,,,,,8e7e514acdcceaf4315158017b9223f44ea1a6235d85b087ecd22caed333e967,0.03070948698421103,"{""source"": ""journal_results\\exp1_csi\\smoke\\20261003T215134958149_e258dc1b485d\\joint_radius.json"", ""sha256"": ""e367c659e9ff5c33ba76b5aed776e6d356dae00502ac867535f609958ff26a8f"", ""quantile"": 0.99, ""scope_fingerprint"": ""3080a6c61690f2af638ad0b379044abc6a35745d85d5738086bc4095287eae88"", ""interpretation"": ""Offline maximum over calibration seeds of empirical all-user joint relative-error quantiles (per seed: max over phase profiles). This is an empirical offline calibration radius based on finite calibration drops; it is not a deterministic future-horizon guarantee and not a robust certificate.""}",0.044178314208984375,0.03070948698421103,0,VALIDATED,0.03045920857951377,0.06210408223314674,0.03164487365363297,False,False,0.00048099999912665226,6.3513565128074205,True,174287318.42968148,16.384609284942755,15.724609284942755,0.66,10637258.136503095,fdd7d443faf7104c4697f15b95d7d013690560a399e0f400ba9187acc6d28fb9,c984420bff8e79ac3cfbae2cfc07f279915c8948a77e108c5f40830165ac5c0f,fff7346d493bb20747c7ab4d19b66b657dff50eb708863d45bfb25e97afa03ca,1758283405
