seed,row_type,candidate_index,candidate_seed,configuration_id,rate,system_power,wee,spectral_wee,sinr_min,nominal_feasible,epsilon_est,time_index,gamma_design,power_slack,config_fingerprint,certificate_runtime,epsilon_cert,epsilon_lo,epsilon_hi,binding_user,binding_margin,fast_oracle_calls,strict_oracle_calls,strict_validation_passed,status,context_id,upper_endpoint_status,strict_validation_runtime,validation_history,note,selected_by,attempt,rule,selection_status,selected_index,scores
60001,candidate,0,3137060839,1ad6e0c2430dfef97657facc8608ab8983769dd1608e51c426c00f0ddee7eb7b,188250211.42499608,15.856005603257733,11872486.434182307,1.1872486434182308,7.799999999999992,True,0.03431675996005863,0,6.0,1.3,496b6a09c697a4ccc12ec174c4e40a8f2b41f61a011a123587f7ec1453843c7a,3.6719409999986965,0.029852294921874994,0.029852294921874994,0.029853820800781243,"[1, 1]",1.5226470776412556e-07,108,18,True,VALIDATED,ed004e746c8444c9d9abab88603a4fb2d47e2d5cbbfeeb5af87eade911b481c0496b6a09c697a4ccc12ec174c4e40a8f2b41f61a011a123587f7ec1453843c7a,NUMERICALLY_UNCERTAIN,3.014754999998331,"[{""epsilon"": 0.0, ""status"": ""STRICT_FEASIBLE"", ""solver_status"": ""NOMINAL_DIRECT"", ""lambda_value"": null, ""raw_min_eig"": 0.005800000000000005, ""normalized_min_eig"": 0.0015358641386721203, ""user_index"": [0, 0], ""scale"": 3.776375692328214, ""raw_normalized_min_eig"": 0.0015358641386721203, ""reason"": ""singleton uncertainty set"", ""solver_name"": """"}, {""epsilon"": 0.0, ""status"": ""STRICT_FEASIBLE"", ""solver_status"": ""NOMINAL_DIRECT"", ""lambda_value"": null, ""raw_min_eig"": 0.0058, ""normalized_min_eig"": 0.0060724351436228265, ""user_index"": [0, 1], ""scale"": 0.9551357672532849, ""raw_normalized_min_eig"": 0.0060724351436228265, ""reason"": ""singleton uncertainty set"", ""solver_name"": """"}, {""epsilon"": 0.0, ""status"": ""STRICT_FEASIBLE"", ""solver_status"": ""NOMINAL_DIRECT"", ""lambda_value"": null, ""raw_min_eig"": 0.005799999999999997, ""normalized_min_eig"": 0.026937029095558, ""user_index"": [0, 2], ""scale"": 0.21531698909425892, ""raw_normalized_min_eig"": 0.026937029095558, ""reason"": ""singleton uncertainty set"", ""solver_name"": """"}, {""epsilon"": 0.0, ""status"": ""STRICT_FEASIBLE"", ""solver_status"": ""NOMINAL_DIRECT"", ""lambda_value"": null, ""raw_min_eig"": 0.005800000000000005, ""normalized_min_eig"": 0.031369761258563125, ""user_index"": [1, 0], ""scale"": 0.18489142943084264, ""raw_normalized_min_eig"": 0.031369761258563125, ""reason"": ""singleton uncertainty set"", ""solver_name"": """"}, {""epsilon"": 0.0, ""status"": ""STRICT_FEASIBLE"", ""solver_status"": ""NOMINAL_DIRECT"", ""lambda_value"": null, ""raw_min_eig"": 0.005800000000000012, ""normalized_min_eig"": 0.0031656870644331393, ""user_index"": [1, 1], ""scale"": 1.8321457181171452, ""raw_normalized_min_eig"": 0.0031656870644331393, ""reason"": ""singleton uncertainty set"", ""solver_name"": """"}, {""epsilon"": 0.0, ""status"": ""STRICT_FEASIBLE"", ""solver_status"": ""NOMINAL_DIRECT"", ""lambda_value"": null, ""raw_min_eig"": 0.0057999999999999875, ""normalized_min_eig"": 0.009749104593931867, ""user_index"": [1, 2], ""scale"": 0.5949264308447445, ""raw_normalized_min_eig"": 0.009749104593931867, ""reason"": ""singleton uncertainty set"", ""solver_name"": """"}, {""epsilon"": 0.029853820800781243, ""status"": ""STRICT_FEASIBLE"", ""solver_status"": ""optimal"", ""lambda_value"": 0.8733471202741396, ""raw_min_eig"": 0.0018825368196046838, ""normalized_min_eig"": 0.0004985459542670952, ""user_index"": [0, 0], ""scale"": 3.776375692328214, ""raw_normalized_min_eig"": 0.0004985035846483962, ""reason"": ""independent eigvalsh passed"", ""solver_name"": ""CLARABEL""}, {""epsilon"": 0.029853820800781243, ""status"": ""STRICT_FEASIBLE"", ""solver_status"": ""optimal"", ""lambda_value"": 0.9749195800350269, ""raw_min_eig"": 0.0040966436466681215, ""normalized_min_eig"": 0.004289576321366255, ""user_index"": [0, 1], ""scale"": 0.9551357672532849, ""raw_normalized_min_eig"": 0.004289069457056324, ""reason"": ""independent eigvalsh passed"", ""solver_name"": ""CLARABEL""}, {""epsilon"": 0.029853820800781243, ""status"": ""STRICT_FEASIBLE"", ""solver_status"": ""optimal"", ""lambda_value"": 0.9915703964262489, ""raw_min_eig"": 0.0050429044034151285, ""normalized_min_eig"": 0.023391313984277736, ""user_index"": [0, 2], ""scale"": 0.21531698909425892, ""raw_normalized_min_eig"": 0.023420838386363954, ""reason"": ""independent eigvalsh passed"", ""solver_name"": ""CLARABEL""}, {""epsilon"": 0.029853820800781243, ""status"": ""STRICT_FEASIBLE"", ""solver_status"": ""optimal"", ""lambda_value"": 0.992508401560154, ""raw_min_eig"": 0.004690956012236419, ""normalized_min_eig"": 0.025276812994077247, ""user_index"": [1, 0], ""scale"": 0.18489142943084264, ""raw_normalized_min_eig"": 0.02537140865142718, ""reason"": ""independent eigvalsh passed"", ""solver_name"": ""CLARABEL""}, {""epsilon"": 0.029853820800781243, ""status"": ""NUMERICALLY_UNCERTAIN"", ""solver_status"": ""SOLVER_ERROR"", ""lambda_value"": null, ""raw_min_eig"": null, ""normalized_min_eig"": null, ""user_index"": [1, 1], ""scale"": 1.8321457181171452, ""raw_normalized_min_eig"": null, ""reason"": ""SolverError: Solver 'CLARABEL' failed. Try another solver, or solve with verbose=True for more information."", ""solver_name"": ""CLARABEL""}, {""epsilon"": 0.029853820800781243, ""status"": ""STRICT_FEASIBLE"", ""solver_status"": ""optimal"", ""lambda_value"": 0.6548288228838549, ""raw_min_eig"": 0.001182048085272714, ""normalized_min_eig"": 0.001993200840424536, ""user_index"": [1, 2], ""scale"": 0.5949264308447445, ""raw_normalized_min_eig"": 0.0019868811066173463, ""reason"": ""independent eigvalsh passed"", ""solver_name"": ""CLARABEL""}, {""epsilon"": 0.029852294921874994, ""status"": ""STRICT_FEASIBLE"", ""solver_status"": ""optimal"", ""lambda_value"": 0.8733615116832719, ""raw_min_eig"": 0.0018828672188233335, ""normalized_min_eig"": 0.0004986334512013484, ""user_index"": [0, 0], ""scale"": 3.776375692328214, ""raw_normalized_min_eig"": 0.0004985910757365633, ""reason"": ""independent eigvalsh passed"", ""solver_name"": ""CLARABEL""}, {""epsilon"": 0.029852294921874994, ""status"": ""STRICT_FEASIBLE"", ""solver_status"": ""optimal"", ""lambda_value"": 0.9749223609372053, ""raw_min_eig"": 0.004096752861811938, ""normalized_min_eig"": 0.004289690677406027, ""user_index"": [0, 1], ""scale"": 0.9551357672532849, ""raw_normalized_min_eig"": 0.004289183802207622, ""reason"": ""independent eigvalsh passed"", ""solver_name"": ""CLARABEL""}, {""epsilon"": 0.029852294921874994, ""status"": ""STRICT_FEASIBLE"", ""solver_status"": ""optimal"", ""lambda_value"": 0.9915709462851556, ""raw_min_eig"": 0.005042929903825404, ""normalized_min_eig"": 0.02339143229492639, ""user_index"": [0, 2], ""scale"": 0.21531698909425892, ""raw_normalized_min_eig"": 0.023420956818311117, ""reason"": ""independent eigvalsh passed"", ""solver_name"": ""CLARABEL""}, {""epsilon"": 0.029852294921874994, ""status"": ""STRICT_FEASIBLE"", ""solver_status"": ""optimal"", ""lambda_value"": 0.9925088783459937, ""raw_min_eig"": 0.004690978748237412, ""normalized_min_eig"": 0.0252769356889315, ""user_index"": [1, 0], ""scale"": 0.18489142943084264, ""raw_normalized_min_eig"": 0.025371531620896687, ""reason"": ""independent eigvalsh passed"", ""solver_name"": ""CLARABEL""}, {""epsilon"": 0.029852294921874994, ""status"": ""STRICT_FEASIBLE"", ""solver_status"": ""optimal"", ""lambda_value"": 0.8551321797496726, ""raw_min_eig"": 2.780309488332176e-07, ""normalized_min_eig"": 1.5226470776412556e-07, ""user_index"": [1, 1], ""scale"": 1.8321457181171452, ""raw_normalized_min_eig"": 1.5175154797127367e-07, ""reason"": ""independent eigvalsh passed"", ""solver_name"": ""CLARABEL""}, {""epsilon"": 0.029852294921874994, ""status"": ""STRICT_FEASIBLE"", ""solver_status"": ""optimal"", ""lambda_value"": 0.6548233524310668, ""raw_min_eig"": 0.001182188381308461, ""normalized_min_eig"": 0.001993437531551706, ""user_index"": [1, 2], ""scale"": 0.5949264308447445, ""raw_normalized_min_eig"": 0.001987116927432279, ""reason"": ""independent eigvalsh passed"", ""solver_name"": ""CLARABEL""}]",numerically validated conservative lower bound; inspect upper_endpoint_status before interpreting a bracket,"[""wee_only""]",,,,,
60001,candidate,1,3466792048,43d91f9731c07e773aaa4e58d52a1c12d6c0db869141bce270aafe92ffae9f80,157936092.9299708,17.102513378406496,9234671.503276221,0.9234671503276222,5.199999999999998,True,0.027719153229622578,0,4.0,1.3,496b6a09c697a4ccc12ec174c4e40a8f2b41f61a011a123587f7ec1453843c7a,3.6772517999997945,0.041482543945312506,0.041482543945312506,0.04148559570312501,"[1, 1]",1.6932082259182504e-07,102,18,True,VALIDATED,10457ea998c4211036f8d3d66f14f81f54389d952e36321ea189d41d8fd0845b496b6a09c697a4ccc12ec174c4e40a8f2b41f61a011a123587f7ec1453843c7a,NUMERICALLY_UNCERTAIN,2.9610355000040727,"[{""epsilon"": 0.0, ""status"": ""STRICT_FEASIBLE"", ""solver_status"": ""NOMINAL_DIRECT"", ""lambda_value"": null, ""raw_min_eig"": 0.003200000000000003, ""normalized_min_eig"": 0.005341364730916343, ""user_index"": [0, 0], ""scale"": 0.5990978263435353, ""raw_normalized_min_eig"": 0.005341364730916343, ""reason"": ""singleton uncertainty set"", ""solver_name"": """"}, {""epsilon"": 0.0, ""status"": ""STRICT_FEASIBLE"", ""solver_status"": ""NOMINAL_DIRECT"", ""lambda_value"": null, ""raw_min_eig"": 0.0032000000000000136, ""normalized_min_eig"": 0.002075721416538303, ""user_index"": [0, 1], ""scale"": 1.5416326943028218, ""raw_normalized_min_eig"": 0.002075721416538303, ""reason"": ""singleton uncertainty set"", ""solver_name"": """"}, {""epsilon"": 0.0, ""status"": ""STRICT_FEASIBLE"", ""solver_status"": ""NOMINAL_DIRECT"", ""lambda_value"": null, ""raw_min_eig"": 0.0032000000000000067, ""normalized_min_eig"": 0.010091451611798447, ""user_index"": [0, 2], ""scale"": 0.31710006876104113, ""raw_normalized_min_eig"": 0.010091451611798447, ""reason"": ""singleton uncertainty set"", ""solver_name"": """"}, {""epsilon"": 0.0, ""status"": ""STRICT_FEASIBLE"", ""solver_status"": ""NOMINAL_DIRECT"", ""lambda_value"": null, ""raw_min_eig"": 0.003200000000000012, ""normalized_min_eig"": 0.00911288877015795, ""user_index"": [1, 0], ""scale"": 0.35115099950293227, ""raw_normalized_min_eig"": 0.00911288877015795, ""reason"": ""singleton uncertainty set"", ""solver_name"": """"}, {""epsilon"": 0.0, ""status"": ""STRICT_FEASIBLE"", ""solver_status"": ""NOMINAL_DIRECT"", ""lambda_value"": null, ""raw_min_eig"": 0.0032000000000000015, ""normalized_min_eig"": 0.0050386743636417096, ""user_index"": [1, 1], ""scale"": 0.6350876776421004, ""raw_normalized_min_eig"": 0.0050386743636417096, ""reason"": ""singleton uncertainty set"", ""solver_name"": """"}, {""epsilon"": 0.0, ""status"": ""STRICT_FEASIBLE"", ""solver_status"": ""NOMINAL_DIRECT"", ""lambda_value"": null, ""raw_min_eig"": 0.0032000000000000015, ""normalized_min_eig"": 0.015212062635396305, ""user_index"": [1, 2], ""scale"": 0.21035937575973798, ""raw_normalized_min_eig"": 0.015212062635396305, ""reason"": ""singleton uncertainty set"", ""solver_name"": """"}, {""epsilon"": 0.04148559570312501, ""status"": ""STRICT_FEASIBLE"", ""solver_status"": ""optimal"", ""lambda_value"": 1.314482556983824, ""raw_min_eig"": 0.001335895731724425, ""normalized_min_eig"": 0.002228834115086007, ""user_index"": [0, 0], ""scale"": 0.5990978263435353, ""raw_normalized_min_eig"": 0.0022298457330045367, ""reason"": ""independent eigvalsh passed"", ""solver_name"": ""CLARABEL""}, {""epsilon"": 0.04148559570312501, ""status"": ""STRICT_FEASIBLE"", ""solver_status"": ""optimal"", ""lambda_value"": 1.0891316241272182, ""raw_min_eig"": 0.0002600885242378115, ""normalized_min_eig"": 0.00016872242497706358, ""user_index"": [0, 1], ""scale"": 1.5416326943028218, ""raw_normalized_min_eig"": 0.00016870978748633264, ""reason"": ""independent eigvalsh passed"", ""solver_name"": ""CLARABEL""}, {""epsilon"": 0.04148559570312501, ""status"": ""STRICT_FEASIBLE"", ""solver_status"": ""optimal"", ""lambda_value"": 1.3862522201803102, ""raw_min_eig"": 0.0014672114599238836, ""normalized_min_eig"": 0.004620057818597298, ""user_index"": [0, 2], ""scale"": 0.31710006876104113, ""raw_normalized_min_eig"": 0.004626966703780624, ""reason"": ""independent eigvalsh passed"", ""solver_name"": ""CLARABEL""}, {""epsilon"": 0.04148559570312501, ""status"": ""STRICT_FEASIBLE"", ""solver_status"": ""optimal"", ""lambda_value"": 1.3200312284403288, ""raw_min_eig"": 0.0015077394010205938, ""normalized_min_eig"": 0.004284994758764501, ""user_index"": [1, 0], ""scale"": 0.35115099950293227, ""raw_normalized_min_eig"": 0.004293706704964123, ""reason"": ""independent eigvalsh passed"", ""solver_name"": ""CLARABEL""}, {""epsilon"": 0.04148559570312501, ""status"": ""NUMERICALLY_UNCERTAIN"", ""solver_status"": ""SOLVER_ERROR"", ""lambda_value"": null, ""raw_min_eig"": null, ""normalized_min_eig"": null, ""user_index"": [1, 1], ""scale"": 0.6350876776421004, ""raw_normalized_min_eig"": null, ""reason"": ""SolverError: Solver 'CLARABEL' failed. Try another solver, or solve with verbose=True for more information."", ""solver_name"": ""CLARABEL""}, {""epsilon"": 0.04148559570312501, ""status"": ""STRICT_FEASIBLE"", ""solver_status"": ""optimal"", ""lambda_value"": 1.2512821594184032, ""raw_min_eig"": 0.0012912274674355961, ""normalized_min_eig"": 0.006114906884479125, ""user_index"": [1, 2], ""scale"": 0.21035937575973798, ""raw_normalized_min_eig"": 0.006138197847242007, ""reason"": ""independent eigvalsh passed"", ""solver_name"": ""CLARABEL""}, {""epsilon"": 0.041482543945312506, ""status"": ""STRICT_FEASIBLE"", ""solver_status"": ""optimal"", ""lambda_value"": 1.314498859101874, ""raw_min_eig"": 0.0013360810938424215, ""normalized_min_eig"": 0.002229143414595123, ""user_index"": [0, 0], ""scale"": 0.5990978263435353, ""raw_normalized_min_eig"": 0.002230155135091885, ""reason"": ""independent eigvalsh passed"", ""solver_name"": ""CLARABEL""}, {""epsilon"": 0.041482543945312506, ""status"": ""STRICT_FEASIBLE"", ""solver_status"": ""optimal"", ""lambda_value"": 1.0891925397704905, ""raw_min_eig"": 0.00026035572843668975, ""normalized_min_eig"": 0.00016889576047546262, ""user_index"": [0, 1], ""scale"": 1.5416326943028218, ""raw_normalized_min_eig"": 0.00016888311294827033, ""reason"": ""independent eigvalsh passed"", ""solver_name"": ""CLARABEL""}, {""epsilon"": 0.041482543945312506, ""status"": ""STRICT_FEASIBLE"", ""solver_status"": ""optimal"", ""lambda_value"": 1.3862616294616792, ""raw_min_eig"": 0.0014673195584074664, ""normalized_min_eig"": 0.004620398289803808, ""user_index"": [0, 2], ""scale"": 0.31710006876104113, ""raw_normalized_min_eig"": 0.004627307600848244, ""reason"": ""independent eigvalsh passed"", ""solver_name"": ""CLARABEL""}, {""epsilon"": 0.041482543945312506, ""status"": ""STRICT_FEASIBLE"", ""solver_status"": ""optimal"", ""lambda_value"": 1.3200361153701188, ""raw_min_eig"": 0.0015078735902455062, ""normalized_min_eig"": 0.004285376288879074, ""user_index"": [1, 0], ""scale"": 0.35115099950293227, ""raw_normalized_min_eig"": 0.004294088846051867, ""reason"": ""independent eigvalsh passed"", ""solver_name"": ""CLARABEL""}, {""epsilon"": 0.041482543945312506, ""status"": ""STRICT_FEASIBLE"", ""solver_status"": ""optimal"", ""lambda_value"": 1.2162464162887057, ""raw_min_eig"": 1.0756081345917961e-07, ""normalized_min_eig"": 1.6932082259182504e-07, ""user_index"": [1, 1], ""scale"": 0.6350876776421004, ""raw_normalized_min_eig"": 1.6936372290913008e-07, ""reason"": ""independent eigvalsh passed"", ""solver_name"": ""CLARABEL""}, {""epsilon"": 0.041482543945312506, ""status"": ""STRICT_FEASIBLE"", ""solver_status"": ""optimal"", ""lambda_value"": 1.2512834680596971, ""raw_min_eig"": 0.0012913181860770007, ""normalized_min_eig"": 0.006115336569623138, ""user_index"": [1, 2], ""scale"": 0.21035937575973798, ""raw_normalized_min_eig"": 0.006138629102759271, ""reason"": ""independent eigvalsh passed"", ""solver_name"": ""CLARABEL""}]",numerically validated conservative lower bound; inspect upper_endpoint_status before interpreting a bracket,[],,,,,
60001,candidate,2,2452809221,2195e785378ee98005aabf844c65af1f5bde1b6d21665fd2a162aa68dbdfc9ed,175559965.11337337,16.42328844360958,10689696.263703207,1.0689696263703206,6.599999999999996,True,0.019943075175747803,0,6.0,1.1,496b6a09c697a4ccc12ec174c4e40a8f2b41f61a011a123587f7ec1453843c7a,6.976226900000256,0.05107727050781251,0.05107727050781251,0.051080322265625006,"[0, 0]",1.416283909665972e-07,102,18,True,VALIDATED,399cd35c24f10f3b44c4e8ab4ac7b2e798829845c2b4231ee4ca4a5e0546c4be496b6a09c697a4ccc12ec174c4e40a8f2b41f61a011a123587f7ec1453843c7a,NUMERICALLY_UNCERTAIN,6.227021099997728,"[{""epsilon"": 0.0, ""status"": ""STRICT_FEASIBLE"", ""solver_status"": ""NOMINAL_DIRECT"", ""lambda_value"": null, ""raw_min_eig"": 0.004599999999999988, ""normalized_min_eig"": 0.002774324319841339, ""user_index"": [0, 0], ""scale"": 1.65806137627884, ""raw_normalized_min_eig"": 0.002774324319841339, ""reason"": ""singleton uncertainty set"", ""solver_name"": """"}, {""epsilon"": 0.0, ""status"": ""STRICT_FEASIBLE"", ""solver_status"": ""NOMINAL_DIRECT"", ""lambda_value"": null, ""raw_min_eig"": 0.004600000000000002, ""normalized_min_eig"": 0.004140809647860442, ""user_index"": [0, 1], ""scale"": 1.1108938568033002, ""raw_normalized_min_eig"": 0.004140809647860442, ""reason"": ""singleton uncertainty set"", ""solver_name"": """"}, {""epsilon"": 0.0, ""status"": ""STRICT_FEASIBLE"", ""solver_status"": ""NOMINAL_DIRECT"", ""lambda_value"": null, ""raw_min_eig"": 0.004600000000000002, ""normalized_min_eig"": 0.004162232051903506, ""user_index"": [0, 2], ""scale"": 1.1051762474166456, ""raw_normalized_min_eig"": 0.004162232051903506, ""reason"": ""singleton uncertainty set"", ""solver_name"": """"}, {""epsilon"": 0.0, ""status"": ""STRICT_FEASIBLE"", ""solver_status"": ""NOMINAL_DIRECT"", ""lambda_value"": null, ""raw_min_eig"": 0.004599999999999995, ""normalized_min_eig"": 0.008514783192056858, ""user_index"": [1, 0], ""scale"": 0.5402368910920918, ""raw_normalized_min_eig"": 0.008514783192056858, ""reason"": ""singleton uncertainty set"", ""solver_name"": """"}, {""epsilon"": 0.0, ""status"": ""STRICT_FEASIBLE"", ""solver_status"": ""NOMINAL_DIRECT"", ""lambda_value"": null, ""raw_min_eig"": 0.004599999999999998, ""normalized_min_eig"": 0.012557959440620624, ""user_index"": [1, 1], ""scale"": 0.36630154936801285, ""raw_normalized_min_eig"": 0.012557959440620624, ""reason"": ""singleton uncertainty set"", ""solver_name"": """"}, {""epsilon"": 0.0, ""status"": ""STRICT_FEASIBLE"", ""solver_status"": ""NOMINAL_DIRECT"", ""lambda_value"": null, ""raw_min_eig"": 0.004599999999999996, ""normalized_min_eig"": 0.026461705080683632, ""user_index"": [1, 2], ""scale"": 0.1738361147165032, ""raw_normalized_min_eig"": 0.026461705080683632, ""reason"": ""singleton uncertainty set"", ""solver_name"": """"}, {""epsilon"": 0.051080322265625006, ""status"": ""NUMERICALLY_UNCERTAIN"", ""solver_status"": ""SOLVER_ERROR"", ""lambda_value"": null, ""raw_min_eig"": null, ""normalized_min_eig"": null, ""user_index"": [0, 0], ""scale"": 1.65806137627884, ""raw_normalized_min_eig"": null, ""reason"": ""SolverError: Solver 'CLARABEL' failed. Try another solver, or solve with verbose=True for more information."", ""solver_name"": ""CLARABEL""}, {""epsilon"": 0.051080322265625006, ""status"": ""STRICT_FEASIBLE"", ""solver_status"": ""optimal"", ""lambda_value"": 1.1924148758182274, ""raw_min_eig"": 0.0010802660453061131, ""normalized_min_eig"": 0.0009724389679914457, ""user_index"": [0, 1], ""scale"": 1.1108938568033002, ""raw_normalized_min_eig"": 0.0009724295788390428, ""reason"": ""independent eigvalsh passed"", ""solver_name"": ""CLARABEL""}, {""epsilon"": 0.051080322265625006, ""status"": ""STRICT_FEASIBLE"", ""solver_status"": ""optimal"", ""lambda_value"": 1.1926885516522736, ""raw_min_eig"": 0.0010437870090193517, ""normalized_min_eig"": 0.0009444629727221999, ""user_index"": [0, 2], ""scale"": 1.1051762474166456, ""raw_normalized_min_eig"": 0.0009444529878914865, ""reason"": ""independent eigvalsh passed"", ""solver_name"": ""CLARABEL""}, {""epsilon"": 0.051080322265625006, ""status"": ""STRICT_FEASIBLE"", ""solver_status"": ""optimal"", ""lambda_value"": 1.2993593525799325, ""raw_min_eig"": 0.0019819161975884216, ""normalized_min_eig"": 0.003664169046730353, ""user_index"": [1, 0], ""scale"": 0.5402368910920918, ""raw_normalized_min_eig"": 0.0036686058102806847, ""reason"": ""independent eigvalsh passed"", ""solver_name"": ""CLARABEL""}, {""epsilon"": 0.051080322265625006, ""status"": ""STRICT_FEASIBLE"", ""solver_status"": ""optimal"", ""lambda_value"": 1.1422906152540164, ""raw_min_eig"": 0.0008443933706809975, ""normalized_min_eig"": 0.0023010506854937315, ""user_index"": [1, 1], ""scale"": 0.36630154936801285, ""raw_normalized_min_eig"": 0.002305186456726284, ""reason"": ""independent eigvalsh passed"", ""solver_name"": ""CLARABEL""}, {""epsilon"": 0.051080322265625006, ""status"": ""STRICT_FEASIBLE"", ""solver_status"": ""optimal"", ""lambda_value"": 1.0196802901939483, ""raw_min_eig"": 0.0009160762035544924, ""normalized_min_eig"": 0.00525728016583901, ""user_index"": [1, 2], ""scale"": 0.1738361147165032, ""raw_normalized_min_eig"": 0.005269769202150285, ""reason"": ""independent eigvalsh passed"", ""solver_name"": ""CLARABEL""}, {""epsilon"": 0.05107727050781251, ""status"": ""STRICT_FEASIBLE"", ""solver_status"": ""optimal"", ""lambda_value"": 1.0593096719646928, ""raw_min_eig"": 2.348066482644838e-07, ""normalized_min_eig"": 1.416283909665972e-07, ""user_index"": [0, 0], ""scale"": 1.65806137627884, ""raw_normalized_min_eig"": 1.4161517276969355e-07, ""reason"": ""independent eigvalsh passed"", ""solver_name"": ""CLARABEL""}, {""epsilon"": 0.05107727050781251, ""status"": ""STRICT_FEASIBLE"", ""solver_status"": ""optimal"", ""lambda_value"": 1.1924426554636198, ""raw_min_eig"": 0.0010805856075987443, ""normalized_min_eig"": 0.0009727266326621996, ""user_index"": [0, 1], ""scale"": 1.1108938568033002, ""raw_normalized_min_eig"": 0.0009727172411486992, ""reason"": ""independent eigvalsh passed"", ""solver_name"": ""CLARABEL""}, {""epsilon"": 0.05107727050781251, ""status"": ""STRICT_FEASIBLE"", ""solver_status"": ""optimal"", ""lambda_value"": 1.1927168648102682, ""raw_min_eig"": 0.0010441050139763832, ""normalized_min_eig"": 0.0009447507166992875, ""user_index"": [0, 2], ""scale"": 1.1051762474166456, ""raw_normalized_min_eig"": 0.0009447407292881867, ""reason"": ""independent eigvalsh passed"", ""solver_name"": ""CLARABEL""}, {""epsilon"": 0.05107727050781251, ""status"": ""STRICT_FEASIBLE"", ""solver_status"": ""optimal"", ""lambda_value"": 1.299368090977158, ""raw_min_eig"": 0.0019821343331612976, ""normalized_min_eig"": 0.0036645725408156913, ""user_index"": [1, 0], ""scale"": 0.5402368910920918, ""raw_normalized_min_eig"": 0.0036690095879131877, ""reason"": ""independent eigvalsh passed"", ""solver_name"": ""CLARABEL""}, {""epsilon"": 0.05107727050781251, ""status"": ""STRICT_FEASIBLE"", ""solver_status"": ""optimal"", ""lambda_value"": 1.142288545531579, ""raw_min_eig"": 0.0008446084123864295, ""normalized_min_eig"": 0.002301636662491281, ""user_index"": [1, 1], ""scale"": 0.36630154936801285, ""raw_normalized_min_eig"": 0.0023057735186860356, ""reason"": ""independent eigvalsh passed"", ""solver_name"": ""CLARABEL""}, {""epsilon"": 0.05107727050781251, ""status"": ""STRICT_FEASIBLE"", ""solver_status"": ""optimal"", ""lambda_value"": 1.0196670025805123, ""raw_min_eig"": 0.0009162249576831444, ""normalized_min_eig"": 0.005258133450896396, ""user_index"": [1, 2], ""scale"": 0.1738361147165032, ""raw_normalized_min_eig"": 0.005270624916907224, ""reason"": ""independent eigvalsh passed"", ""solver_name"": ""CLARABEL""}]",numerically validated conservative lower bound; inspect upper_endpoint_status before interpreting a bracket,"[""robustness_only"", ""stability_aware"", ""lifetime_aware""]",,,,,
60001,candidate,3,3142761576,b4f80f98c681ed41a958b7a767f61ddf96af9d4710413a9287f2fddd2d5f7fd9,147565897.11823785,16.244226221624398,9084205.98832817,0.908420598832817,4.499999999999996,True,0.02126664408877098,0,2.5,1.8,496b6a09c697a4ccc12ec174c4e40a8f2b41f61a011a123587f7ec1453843c7a,3.593902700000399,0.0385284423828125,0.0385284423828125,0.038531494140625004,"[1, 0]",2.02181874086241e-07,102,18,True,VALIDATED,da8ad45597b984bb99f2372933a24c531d0e22d5062adaf8d1d232b5abdf129c496b6a09c697a4ccc12ec174c4e40a8f2b41f61a011a123587f7ec1453843c7a,NUMERICALLY_UNCERTAIN,2.7741502999979275,"[{""epsilon"": 0.0, ""status"": ""STRICT_FEASIBLE"", ""solver_status"": ""NOMINAL_DIRECT"", ""lambda_value"": null, ""raw_min_eig"": 0.0025000000000000005, ""normalized_min_eig"": 0.003941159186166867, ""user_index"": [0, 0], ""scale"": 0.6343311401312557, ""raw_normalized_min_eig"": 0.003941159186166867, ""reason"": ""singleton uncertainty set"", ""solver_name"": """"}, {""epsilon"": 0.0, ""status"": ""STRICT_FEASIBLE"", ""solver_status"": ""NOMINAL_DIRECT"", ""lambda_value"": null, ""raw_min_eig"": 0.0025000000000000022, ""normalized_min_eig"": 0.003170256178374761, ""user_index"": [0, 1], ""scale"": 0.7885798053334708, ""raw_normalized_min_eig"": 0.003170256178374761, ""reason"": ""singleton uncertainty set"", ""solver_name"": """"}, {""epsilon"": 0.0, ""status"": ""STRICT_FEASIBLE"", ""solver_status"": ""NOMINAL_DIRECT"", ""lambda_value"": null, ""raw_min_eig"": 0.002500000000000004, ""normalized_min_eig"": 0.004854099091860858, ""user_index"": [0, 2], ""scale"": 0.5150286289358812, ""raw_normalized_min_eig"": 0.004854099091860858, ""reason"": ""singleton uncertainty set"", ""solver_name"": """"}, {""epsilon"": 0.0, ""status"": ""STRICT_FEASIBLE"", ""solver_status"": ""NOMINAL_DIRECT"", ""lambda_value"": null, ""raw_min_eig"": 0.002499999999999998, ""normalized_min_eig"": 0.0031298466226945707, ""user_index"": [1, 0], ""scale"": 0.7987611858908534, ""raw_normalized_min_eig"": 0.0031298466226945707, ""reason"": ""singleton uncertainty set"", ""solver_name"": """"}, {""epsilon"": 0.0, ""status"": ""STRICT_FEASIBLE"", ""solver_status"": ""NOMINAL_DIRECT"", ""lambda_value"": null, ""raw_min_eig"": 0.0025000000000000005, ""normalized_min_eig"": 0.016570897417773928, ""user_index"": [1, 1], ""scale"": 0.15086690460822616, ""raw_normalized_min_eig"": 0.016570897417773928, ""reason"": ""singleton uncertainty set"", ""solver_name"": """"}, {""epsilon"": 0.0, ""status"": ""STRICT_FEASIBLE"", ""solver_status"": ""NOMINAL_DIRECT"", ""lambda_value"": null, ""raw_min_eig"": 0.002499999999999997, ""normalized_min_eig"": 0.014724975708049861, ""user_index"": [1, 2], ""scale"": 0.16977956701370278, ""raw_normalized_min_eig"": 0.014724975708049861, ""reason"": ""singleton uncertainty set"", ""solver_name"": """"}, {""epsilon"": 0.038531494140625004, ""status"": ""STRICT_FEASIBLE"", ""solver_status"": ""optimal"", ""lambda_value"": 0.9927994766342786, ""raw_min_eig"": 0.0011054982223466236, ""normalized_min_eig"": 0.0017426312201921368, ""user_index"": [0, 0], ""scale"": 0.6343311401312557, ""raw_normalized_min_eig"": 0.0017427777897170147, ""reason"": ""independent eigvalsh passed"", ""solver_name"": ""CLARABEL""}, {""epsilon"": 0.038531494140625004, ""status"": ""STRICT_FEASIBLE"", ""solver_status"": ""optimal"", ""lambda_value"": 0.9701876603758572, ""raw_min_eig"": 0.0007180344155293117, ""normalized_min_eig"": 0.0009105258003112571, ""user_index"": [0, 1], ""scale"": 0.7885798053334708, ""raw_normalized_min_eig"": 0.0009105412168470035, ""reason"": ""independent eigvalsh passed"", ""solver_name"": ""CLARABEL""}, {""epsilon"": 0.038531494140625004, ""status"": ""STRICT_FEASIBLE"", ""solver_status"": ""optimal"", ""lambda_value"": 1.0139054793256692, ""raw_min_eig"": 0.0012086502415394882, ""normalized_min_eig"": 0.002346257771775439, ""user_index"": [0, 2], ""scale"": 0.5150286289358812, ""raw_normalized_min_eig"": 0.002346763215933691, ""reason"": ""independent eigvalsh passed"", ""solver_name"": ""CLARABEL""}, {""epsilon"": 0.038531494140625004, ""status"": ""NUMERICALLY_UNCERTAIN"", ""solver_status"": ""SOLVER_ERROR"", ""lambda_value"": null, ""raw_min_eig"": null, ""normalized_min_eig"": null, ""user_index"": [1, 0], ""scale"": 0.7987611858908534, ""raw_normalized_min_eig"": null, ""reason"": ""PanicException: Eigval error: Eigen(1)"", ""solver_name"": ""CLARABEL""}, {""epsilon"": 0.038531494140625004, ""status"": ""STRICT_FEASIBLE"", ""solver_status"": ""optimal"", ""lambda_value"": 0.9417105377808718, ""raw_min_eig"": 0.0006535442371938685, ""normalized_min_eig"": 0.004322172992674714, ""user_index"": [1, 1], ""scale"": 0.15086690460822616, ""raw_normalized_min_eig"": 0.004331925805006762, ""reason"": ""independent eigvalsh passed"", ""solver_name"": ""CLARABEL""}, {""epsilon"": 0.038531494140625004, ""status"": ""STRICT_FEASIBLE"", ""solver_status"": ""optimal"", ""lambda_value"": 0.9823895258771959, ""raw_min_eig"": 0.0009233271082245004, ""normalized_min_eig"": 0.005418981639635806, ""user_index"": [1, 2], ""scale"": 0.16977956701370278, ""raw_normalized_min_eig"": 0.0054383876956758835, ""reason"": ""independent eigvalsh passed"", ""solver_name"": ""CLARABEL""}, {""epsilon"": 0.0385284423828125, ""status"": ""STRICT_FEASIBLE"", ""solver_status"": ""optimal"", ""lambda_value"": 0.99281416661908, ""raw_min_eig"": 0.0011056662042712162, ""normalized_min_eig"": 0.0017428960202481303, ""user_index"": [0, 0], ""scale"": 0.6343311401312557, ""raw_normalized_min_eig"": 0.0017430426071191017, ""reason"": ""independent eigvalsh passed"", ""solver_name"": ""CLARABEL""}, {""epsilon"": 0.0385284423828125, ""status"": ""STRICT_FEASIBLE"", ""solver_status"": ""optimal"", ""lambda_value"": 0.9702107192987254, ""raw_min_eig"": 0.0007182307966676627, ""normalized_min_eig"": 0.0009107748282749517, ""user_index"": [0, 1], ""scale"": 0.7885798053334708, ""raw_normalized_min_eig"": 0.0009107902482538728, ""reason"": ""independent eigvalsh passed"", ""solver_name"": ""CLARABEL""}, {""epsilon"": 0.0385284423828125, ""status"": ""STRICT_FEASIBLE"", ""solver_status"": ""optimal"", ""lambda_value"": 1.0139173243171142, ""raw_min_eig"": 0.0012087932686590805, ""normalized_min_eig"": 0.0023465354316869465, ""user_index"": [0, 2], ""scale"": 0.5150286289358812, ""raw_normalized_min_eig"": 0.002347040923058221, ""reason"": ""independent eigvalsh passed"", ""solver_name"": ""CLARABEL""}, {""epsilon"": 0.0385284423828125, ""status"": ""STRICT_FEASIBLE"", ""solver_status"": ""optimal"", ""lambda_value"": 1.0068314916604073, ""raw_min_eig"": 1.6145765200859823e-07, ""normalized_min_eig"": 2.02181874086241e-07, ""user_index"": [1, 0], ""scale"": 0.7987611858908534, ""raw_normalized_min_eig"": 2.0213507473892275e-07, ""reason"": ""independent eigvalsh passed"", ""solver_name"": ""CLARABEL""}, {""epsilon"": 0.0385284423828125, ""status"": ""STRICT_FEASIBLE"", ""solver_status"": ""optimal"", ""lambda_value"": 0.9417023930142204, ""raw_min_eig"": 0.000653628335631643, ""normalized_min_eig"": 0.004322728947729067, ""user_index"": [1, 1], ""scale"": 0.15086690460822616, ""raw_normalized_min_eig"": 0.004332483239640904, ""reason"": ""independent eigvalsh passed"", ""solver_name"": ""CLARABEL""}, {""epsilon"": 0.0385284423828125, ""status"": ""STRICT_FEASIBLE"", ""solver_status"": ""optimal"", ""lambda_value"": 0.9823893902409524, ""raw_min_eig"": 0.0009234004065646577, ""normalized_min_eig"": 0.005419411805659344, ""user_index"": [1, 2], ""scale"": 0.16977956701370278, ""raw_normalized_min_eig"": 0.005438819422187186, ""reason"": ""independent eigvalsh passed"", ""solver_name"": ""CLARABEL""}]",numerically validated conservative lower bound; inspect upper_endpoint_status before interpreting a bracket,[],,,,,
60001,attempt,0,3137060839,1ad6e0c2430dfef97657facc8608ab8983769dd1608e51c426c00f0ddee7eb7b,,,,,,True,,0,,,496b6a09c697a4ccc12ec174c4e40a8f2b41f61a011a123587f7ec1453843c7a,,,,,,,,,,VALIDATED,,,,,,,0,,,,
60001,attempt,1,3466792048,43d91f9731c07e773aaa4e58d52a1c12d6c0db869141bce270aafe92ffae9f80,,,,,,True,,0,,,496b6a09c697a4ccc12ec174c4e40a8f2b41f61a011a123587f7ec1453843c7a,,,,,,,,,,VALIDATED,,,,,,,1,,,,
60001,attempt,2,2452809221,2195e785378ee98005aabf844c65af1f5bde1b6d21665fd2a162aa68dbdfc9ed,,,,,,True,,0,,,496b6a09c697a4ccc12ec174c4e40a8f2b41f61a011a123587f7ec1453843c7a,,,,,,,,,,VALIDATED,,,,,,,2,,,,
60001,attempt,3,3142761576,b4f80f98c681ed41a958b7a767f61ddf96af9d4710413a9287f2fddd2d5f7fd9,,,,,,True,,0,,,496b6a09c697a4ccc12ec174c4e40a8f2b41f61a011a123587f7ec1453843c7a,,,,,,,,,,VALIDATED,,,,,,,3,,,,
60001,selection,,,,,,,,,,,,,,,,,,,,,,,,,,,,,,,,wee_only,SELECTED,0,"[{""candidate_index"": 0, ""eligible"": true, ""score"": 11872486.434182307, ""predicted_lifetime"": 0.0, ""EE_life"": null, ""transition_energy"": 0.0, ""certificate_status"": ""VALIDATED""}, {""candidate_index"": 1, ""eligible"": true, ""score"": 9234671.503276221, ""predicted_lifetime"": 6.881695357844964, ""EE_life"": 9234671.503276223, ""transition_energy"": 0.0, ""certificate_status"": ""VALIDATED""}, {""candidate_index"": 2, ""eligible"": true, ""score"": 10689696.263703207, ""predicted_lifetime"": 15.567097666032353, ""EE_life"": 10689696.263703207, ""transition_energy"": 0.0, ""certificate_status"": ""VALIDATED""}, {""candidate_index"": 3, ""eligible"": true, ""score"": 9084205.98832817, ""predicted_lifetime"": 8.63089914702076, ""EE_life"": 9084205.988328172, ""transition_energy"": 0.0, ""certificate_status"": ""VALIDATED""}]"
60001,selection,,,,,,,,,,,,,,,,,,,,,,,,,,,,,,,,robustness_only,SELECTED,2,"[{""candidate_index"": 0, ""eligible"": true, ""score"": 0.029852294921874994, ""predicted_lifetime"": 0.0, ""EE_life"": null, ""transition_energy"": 0.0, ""certificate_status"": ""VALIDATED""}, {""candidate_index"": 1, ""eligible"": true, ""score"": 0.041482543945312506, ""predicted_lifetime"": 6.881695357844964, ""EE_life"": 9234671.503276223, ""transition_energy"": 0.0, ""certificate_status"": ""VALIDATED""}, {""candidate_index"": 2, ""eligible"": true, ""score"": 0.05107727050781251, ""predicted_lifetime"": 15.567097666032353, ""EE_life"": 10689696.263703207, ""transition_energy"": 0.0, ""certificate_status"": ""VALIDATED""}, {""candidate_index"": 3, ""eligible"": true, ""score"": 0.0385284423828125, ""predicted_lifetime"": 8.63089914702076, ""EE_life"": 9084205.988328172, ""transition_energy"": 0.0, ""certificate_status"": ""VALIDATED""}]"
60001,selection,,,,,,,,,,,,,,,,,,,,,,,,,,,,,,,,stability_aware,SELECTED,2,"[{""candidate_index"": 0, ""eligible"": false, ""score"": 11872486.434182307, ""predicted_lifetime"": 0.0, ""EE_life"": null, ""transition_energy"": 0.0, ""certificate_status"": ""VALIDATED""}, {""candidate_index"": 1, ""eligible"": false, ""score"": 9234671.503276221, ""predicted_lifetime"": 6.881695357844964, ""EE_life"": 9234671.503276223, ""transition_energy"": 0.0, ""certificate_status"": ""VALIDATED""}, {""candidate_index"": 2, ""eligible"": true, ""score"": 10689696.263703207, ""predicted_lifetime"": 15.567097666032353, ""EE_life"": 10689696.263703207, ""transition_energy"": 0.0, ""certificate_status"": ""VALIDATED""}, {""candidate_index"": 3, ""eligible"": false, ""score"": 9084205.98832817, ""predicted_lifetime"": 8.63089914702076, ""EE_life"": 9084205.988328172, ""transition_energy"": 0.0, ""certificate_status"": ""VALIDATED""}]"
60001,selection,,,,,,,,,,,,,,,,,,,,,,,,,,,,,,,,lifetime_aware,SELECTED,2,"[{""candidate_index"": 0, ""eligible"": false, ""score"": null, ""predicted_lifetime"": 0.0, ""EE_life"": null, ""transition_energy"": 0.001, ""certificate_status"": ""VALIDATED""}, {""candidate_index"": 1, ""eligible"": true, ""score"": 9234567.148386717, ""predicted_lifetime"": 6.881695357844964, ""EE_life"": 9234567.148386717, ""transition_energy"": 0.00133, ""certificate_status"": ""VALIDATED""}, {""candidate_index"": 2, ""eligible"": true, ""score"": 10689641.072573509, ""predicted_lifetime"": 15.567097666032353, ""EE_life"": 10689641.072573509, ""transition_energy"": 0.00132, ""certificate_status"": ""VALIDATED""}, {""candidate_index"": 3, ""eligible"": true, ""score"": 9084121.109545866, ""predicted_lifetime"": 8.63089914702076, ""EE_life"": 9084121.109545866, ""transition_energy"": 0.00131, ""certificate_status"": ""VALIDATED""}]"
