label,candidate,epsilon_cert,alpha,epsilon,robust_feasible,minimum_lmi_margin,worst_case_sinr
max-WEE,34,0.0908935546875,0.9,0.08180419921875,True,0.0010029140295194638,2.5891888482487633
max-WEE,34,0.0908935546875,0.95,0.086348876953125,True,0.0004115681193747351,2.2738745412072023
max-WEE,34,0.0908935546875,0.99,0.089984619140625,True,-7.539920950864958e-05,2.051626571486279
max-WEE,34,0.0908935546875,1.0,0.0908935546875,True,-0.00019908065598858975,2.0002317284883153
max-WEE,34,0.0908935546875,1.01,0.091802490234375,False,-0.0003235395132952937,1.9488368854903513
max-WEE,34,0.0908935546875,1.05,0.095438232421875,False,-0.0008291573103560027,1.759926111227566
max-WEE,34,0.0908935546875,1.1,0.09998291015625001,False,-0.001478693864579465,1.5487905399926882
max-eps_cert,6,0.11396484374999999,0.9,0.10256835937499999,True,0.0016812495435253871,2.5911716997773135
max-eps_cert,6,0.11396484374999999,0.95,0.10826660156249998,True,0.0007681195355054293,2.2786261321986316
max-eps_cert,6,0.11396484374999999,0.99,0.11282519531249999,True,6.193587832881153e-06,2.054775928392279
max-eps_cert,6,0.11396484374999999,1.0,0.11396484374999999,True,-0.0001887726640456,2.0019810690039885
max-eps_cert,6,0.11396484374999999,1.01,0.11510449218749999,False,-0.00038552596082963575,1.951298003991229
max-eps_cert,6,0.11396484374999999,1.05,0.1196630859375,False,-0.0011902930793167288,1.755957024254553
max-eps_cert,6,0.11396484374999999,1.1,0.125361328125,False,-0.002235801603992671,1.5363304091992633
low-eps_cert,26,0.0009521484374999999,0.9,0.00085693359375,True,-0.0001735019503712465,2.001563453171874
low-eps_cert,26,0.0009521484374999999,0.95,0.0009045410156249998,True,-0.00018314179470735326,2.0005380620590807
low-eps_cert,26,0.0009521484374999999,0.99,0.0009426269531249998,True,-0.00019085373708094266,2.0005380620590807
low-eps_cert,26,0.0009521484374999999,1.0,0.0009521484374999999,True,-0.00019278173203929327,1.9995126709462878
low-eps_cert,26,0.0009521484374999999,1.01,0.0009616699218749999,True,-0.00019470973074930953,1.9995126709462878
low-eps_cert,26,0.0009521484374999999,1.05,0.000999755859375,False,-0.00020242176287865732,1.9995126709462878
low-eps_cert,26,0.0009521484374999999,1.1,0.00104736328125,False,-0.000212061887850723,1.998487279833495
