channel_seed,pool_size,n_pareto,wee_only_index,wee_only_wee,wee_only_epsilon_cert,proposed_index,proposed_wee,proposed_epsilon_cert,n_after_rmin,selection_same,epsilon_design,r_max,unique_theta,unique_X
60001,40,2,11,1.5118156825045421,0.13974609375000002,11,1.5118156825045421,0.13974609375000002,2,True,0.05,0.156591796875,40,40
60002,40,4,24,1.467281607455249,0.0973388671875,24,1.467281607455249,0.0973388671875,4,True,0.05,0.11857910156249998,39,40
60003,40,2,28,1.34297615926716,0.07214355468750001,28,1.34297615926716,0.07214355468750001,2,True,0.05,0.078955078125,40,40
60004,40,2,29,1.2583195411414447,0.09125976562499999,29,1.2583195411414447,0.09125976562499999,2,True,0.05,0.099755859375,40,40
60005,40,2,32,1.3330175531040604,0.11271972656249998,32,1.3330175531040604,0.11271972656249998,2,True,0.05,0.11711425781249998,39,40
60006,40,1,8,1.3599362924649565,0.12260742187499998,8,1.3599362924649565,0.12260742187499998,1,True,0.05,0.12260742187499998,40,40
60007,40,2,27,1.4709404070783711,0.13571777343749997,27,1.4709404070783711,0.13571777343749997,2,True,0.05,0.15600585937499997,38,40
60008,40,2,35,1.315056185120319,0.0892822265625,35,1.315056185120319,0.0892822265625,2,True,0.05,0.11301269531249998,39,40
60009,40,3,20,1.3003561646448893,0.073095703125,20,1.3003561646448893,0.073095703125,3,True,0.05,0.1289794921875,39,40
60010,40,1,3,1.4279328371660407,0.1373291015625,3,1.4279328371660407,0.1373291015625,1,True,0.05,0.1373291015625,40,40
60011,40,3,29,1.520802424496468,0.11960449218749998,29,1.520802424496468,0.11960449218749998,3,True,0.05,0.13212890624999996,40,40
60012,40,2,18,1.5665906759899335,0.11337890625,18,1.5665906759899335,0.11337890625,2,True,0.05,0.12956542968749996,40,40
