seed,mobility,phase_profile,reference_index,delta_slots,delta_time,rho_obs,rho_over_time
53001,slow,0,0,1,0.1,0.03478647244000502,0.3478647244000502
53001,slow,0,0,2,0.2,0.04120229297033787,0.20601146485168934
53001,slow,0,0,4,0.4,0.049378973314926564,0.1234474332873164
53001,slow,0,4,1,0.1,0.03335042391773082,0.33350423917730815
53001,slow,0,4,2,0.2,0.028423308338052903,0.1421165416902645
53001,slow,0,4,4,0.4,0.05028309211072716,0.1257077302768179
53001,slow,0,8,1,0.1,0.02737235155697572,0.27372351556975716
53001,slow,0,8,2,0.2,0.034422988641310444,0.1721149432065522
53001,slow,1,0,1,0.1,0.017434216767195462,0.17434216767195462
53001,slow,1,0,2,0.2,0.019506286500562173,0.09753143250281086
53001,slow,1,0,4,0.4,0.032040149277127436,0.08010037319281858
53001,slow,1,4,1,0.1,0.020912091330720875,0.20912091330720875
53001,slow,1,4,2,0.2,0.020187077310476094,0.10093538655238046
53001,slow,1,4,4,0.4,0.025534732803285103,0.06383683200821275
53001,slow,1,8,1,0.1,0.024405252845808998,0.24405252845808997
53001,slow,1,8,2,0.2,0.023178756327877522,0.1158937816393876
53001,medium,0,0,1,0.1,0.12375817472585027,1.2375817472585027
53001,medium,0,0,2,0.2,0.17478321100554742,0.8739160550277371
53001,medium,0,0,4,0.4,0.23404483860577877,0.5851120965144468
53001,medium,0,4,1,0.1,0.13411287043883569,1.3411287043883569
53001,medium,0,4,2,0.2,0.14706197483543615,0.7353098741771807
53001,medium,0,4,4,0.4,0.24565616922612785,0.6141404230653196
53001,medium,0,8,1,0.1,0.097190341410569,0.9719034141056899
53001,medium,0,8,2,0.2,0.15096568025707185,0.7548284012853592
53001,medium,1,0,1,0.1,0.06721417796609039,0.6721417796609038
53001,medium,1,0,2,0.2,0.08034199225741302,0.4017099612870651
53001,medium,1,0,4,0.4,0.14526102505656552,0.36315256264141377
53001,medium,1,4,1,0.1,0.09499955174195149,0.9499955174195148
53001,medium,1,4,2,0.2,0.09939726857780948,0.49698634288904736
53001,medium,1,4,4,0.4,0.13794422844709603,0.34486057111774004
53001,medium,1,8,1,0.1,0.07108323260554969,0.7108323260554968
53001,medium,1,8,2,0.2,0.11534890833638539,0.5767445416819269
53001,fast,0,0,1,0.1,0.36893845780837214,3.6893845780837213
53001,fast,0,0,2,0.2,0.5444687237458906,2.722343618729453
53001,fast,0,0,4,0.4,0.6819569311460547,1.7048923278651367
53001,fast,0,4,1,0.1,0.3977409040854173,3.9774090408541727
53001,fast,0,4,2,0.2,0.46298681245703477,2.3149340622851735
53001,fast,0,4,4,0.4,0.7378345656850547,1.8445864142126367
53001,fast,0,8,1,0.1,0.3685451329092829,3.685451329092829
53001,fast,0,8,2,0.2,0.5637202009862562,2.818601004931281
53001,fast,1,0,1,0.1,0.21263960312110392,2.126396031211039
53001,fast,1,0,2,0.2,0.24602374514590034,1.2301187257295016
53001,fast,1,0,4,0.4,0.43423890856968617,1.0855972714242152
53001,fast,1,4,1,0.1,0.300479941618097,3.00479941618097
53001,fast,1,4,2,0.2,0.32468875711771117,1.6234437855885557
53001,fast,1,4,4,0.4,0.4743500641379864,1.185875160344966
53001,fast,1,8,1,0.1,0.23563255920586462,2.356325592058646
53001,fast,1,8,2,0.2,0.4054834987541226,2.0274174937706126
