seed,mobility,channel_correlation,time_index,time,policy,old_configuration,new_configuration,epsilon_cert_old,triggered,reason,rho_obs,epsilon_est,rho_total,threshold,trigger_threshold,installed,reconfigured,design_status,switching_energy,controller_energy,n_changed_elements,n_changed_bits,algorithm_calls,fast_oracle_calls,strict_oracle_calls,primary_solver_calls,fallback_solver_calls,solver_error_count,solver_inaccurate_count,candidate_generation_runtime,certificate_runtime,strict_validation_runtime,calibration_runtime,drift_rate_nu,drift_calibration_source,drift_calibration_sha256,drift_calibration_quantile,predicted_lifetime,predicted_reuse_slots,actual_reuse_time,actual_reuse_slots,candidate_pool_cache_hit,candidate_pool_cache_key,candidate_pool_build_runtime,candidate_pool_original_runtime,configuration_id,epsilon_est_offline,offline_calibration,epsilon_cert,epsilon_est_calibrated,reference_time,certificate_status,rho_obs_after,rho_total_after,epsilon_est_after,certified_budget_hold,trigger_budget_hold,runtime,sinr_min,qos_hold,rate,system_power,transmission_circuit_power,ris_static_state_power,instantaneous_wee,trajectory_id,csi_trajectory_id,observation_id,csi_noise_seed
60001,slow,0.9999,0,0.0,always_reconfigure,,,,True,initial_design,0.0,0.0,0.0,0.0,0.0,False,False,NO_ELIGIBLE_CANDIDATE,0.0,0.0,0,0,1,210,64,52,0,0,7,0.0018396999985270668,23.425675099999353,22.0775505000056,0.0,0.3370943604829937,journal_results\exp1b_drift\smoke\20261003T215138172054_5ea5a964067d\drift_rate.json,bf7a0983fca86a56b860b8c44b7dce0596baa834595c63fc63116beffb05b90c,0.95,,,,,False,60001|slow|0|b9dc0687863836196db7c50121290e1133ef397be27eac408d9d38963403614d|f708ca1f99b3c1a76f51ea7b57fd5f9cccb527096e87a111b483d50227554508,23.428613700001733,23.428613700001733,,0.03070948698421103,"{""source"": ""journal_results\\exp1_csi\\smoke\\20261003T215134958149_e258dc1b485d\\joint_radius.json"", ""sha256"": ""e367c659e9ff5c33ba76b5aed776e6d356dae00502ac867535f609958ff26a8f"", ""quantile"": 0.99, ""scope_fingerprint"": ""3080a6c61690f2af638ad0b379044abc6a35745d85d5738086bc4095287eae88"", ""interpretation"": ""Offline maximum over calibration seeds of empirical all-user joint relative-error quantiles (per seed: max over phase profiles). This is an empirical offline calibration radius based on finite calibration drops; it is not a deterministic future-horizon guarantee and not a robust certificate.""}",0.0,,,,,,,False,False,23.431467400001566,0.0,False,0.0,14.132,13.6,0.532,0.0,df15de685260c82b95d17877b298eb496a811ba1bd6713830e602b5c6a4b399e,426c6e756b325ad134390ea5c3dfc032ffd08184610520657a81b763f9cbf096,b9dc0687863836196db7c50121290e1133ef397be27eac408d9d38963403614d,232208054
60001,slow,0.9999,1,0.1,always_reconfigure,,,,True,initial_design,0.0,0.0,0.0,0.0,0.0,False,False,NO_ELIGIBLE_CANDIDATE,0.0,0.0,0,0,1,222,74,62,0,0,16,0.0017456000023230445,45.73614330000055,44.233768599984614,0.0,0.3370943604829937,journal_results\exp1b_drift\smoke\20261003T215138172054_5ea5a964067d\drift_rate.json,bf7a0983fca86a56b860b8c44b7dce0596baa834595c63fc63116beffb05b90c,0.95,,,,,False,60001|slow|1|398f2103b79d9db0cd1c0088831795d799637c383f5de5c59d6c770337f884b3|f708ca1f99b3c1a76f51ea7b57fd5f9cccb527096e87a111b483d50227554508,45.73957539999901,45.73957539999901,,0.03070948698421103,"{""source"": ""journal_results\\exp1_csi\\smoke\\20261003T215134958149_e258dc1b485d\\joint_radius.json"", ""sha256"": ""e367c659e9ff5c33ba76b5aed776e6d356dae00502ac867535f609958ff26a8f"", ""quantile"": 0.99, ""scope_fingerprint"": ""3080a6c61690f2af638ad0b379044abc6a35745d85d5738086bc4095287eae88"", ""interpretation"": ""Offline maximum over calibration seeds of empirical all-user joint relative-error quantiles (per seed: max over phase profiles). This is an empirical offline calibration radius based on finite calibration drops; it is not a deterministic future-horizon guarantee and not a robust certificate.""}",0.0,,,,,,,False,False,45.74260069999946,0.0,False,0.0,14.132,13.6,0.532,0.0,df15de685260c82b95d17877b298eb496a811ba1bd6713830e602b5c6a4b399e,426c6e756b325ad134390ea5c3dfc032ffd08184610520657a81b763f9cbf096,398f2103b79d9db0cd1c0088831795d799637c383f5de5c59d6c770337f884b3,3411377875
60001,slow,0.9999,2,0.2,always_reconfigure,,,,True,initial_design,0.0,0.0,0.0,0.0,0.0,False,False,NO_ELIGIBLE_CANDIDATE,0.0,0.0,0,0,1,210,79,67,0,0,14,0.00170829999842681,37.00131739999779,35.493851000002905,0.0,0.3370943604829937,journal_results\exp1b_drift\smoke\20261003T215138172054_5ea5a964067d\drift_rate.json,bf7a0983fca86a56b860b8c44b7dce0596baa834595c63fc63116beffb05b90c,0.95,,,,,False,60001|slow|2|07b7cb2adcd9c0453f27d2473b03b3fe8b0460767d9f6e817e7c45dfae0b2d47|f708ca1f99b3c1a76f51ea7b57fd5f9cccb527096e87a111b483d50227554508,37.00508769999942,37.00508769999942,,0.03070948698421103,"{""source"": ""journal_results\\exp1_csi\\smoke\\20261003T215134958149_e258dc1b485d\\joint_radius.json"", ""sha256"": ""e367c659e9ff5c33ba76b5aed776e6d356dae00502ac867535f609958ff26a8f"", ""quantile"": 0.99, ""scope_fingerprint"": ""3080a6c61690f2af638ad0b379044abc6a35745d85d5738086bc4095287eae88"", ""interpretation"": ""Offline maximum over calibration seeds of empirical all-user joint relative-error quantiles (per seed: max over phase profiles). This is an empirical offline calibration radius based on finite calibration drops; it is not a deterministic future-horizon guarantee and not a robust certificate.""}",0.0,,,,,,,False,False,37.0083274000026,0.0,False,0.0,14.132,13.6,0.532,0.0,df15de685260c82b95d17877b298eb496a811ba1bd6713830e602b5c6a4b399e,426c6e756b325ad134390ea5c3dfc032ffd08184610520657a81b763f9cbf096,07b7cb2adcd9c0453f27d2473b03b3fe8b0460767d9f6e817e7c45dfae0b2d47,1327477118
60001,slow,0.9999,0,0.0,periodic_short,,,,True,initial_design,0.0,0.0,0.0,0.0,0.0,False,False,NO_ELIGIBLE_CANDIDATE,0.0,0.0,0,0,1,0,0,0,0,0,0,0,0,0,0.0,0.3370943604829937,journal_results\exp1b_drift\smoke\20261003T215138172054_5ea5a964067d\drift_rate.json,bf7a0983fca86a56b860b8c44b7dce0596baa834595c63fc63116beffb05b90c,0.95,,,,,True,60001|slow|0|b9dc0687863836196db7c50121290e1133ef397be27eac408d9d38963403614d|f708ca1f99b3c1a76f51ea7b57fd5f9cccb527096e87a111b483d50227554508,0.0,23.428613700001733,,0.03070948698421103,"{""source"": ""journal_results\\exp1_csi\\smoke\\20261003T215134958149_e258dc1b485d\\joint_radius.json"", ""sha256"": ""e367c659e9ff5c33ba76b5aed776e6d356dae00502ac867535f609958ff26a8f"", ""quantile"": 0.99, ""scope_fingerprint"": ""3080a6c61690f2af638ad0b379044abc6a35745d85d5738086bc4095287eae88"", ""interpretation"": ""Offline maximum over calibration seeds of empirical all-user joint relative-error quantiles (per seed: max over phase profiles). This is an empirical offline calibration radius based on finite calibration drops; it is not a deterministic future-horizon guarantee and not a robust certificate.""}",0.0,,,,,,,False,False,0.002687699998205062,0.0,False,0.0,14.132,13.6,0.532,0.0,df15de685260c82b95d17877b298eb496a811ba1bd6713830e602b5c6a4b399e,426c6e756b325ad134390ea5c3dfc032ffd08184610520657a81b763f9cbf096,b9dc0687863836196db7c50121290e1133ef397be27eac408d9d38963403614d,232208054
60001,slow,0.9999,1,0.1,periodic_short,,,,True,initial_design,0.0,0.0,0.0,0.0,0.0,False,False,NO_ELIGIBLE_CANDIDATE,0.0,0.0,0,0,1,0,0,0,0,0,0,0,0,0,0.0,0.3370943604829937,journal_results\exp1b_drift\smoke\20261003T215138172054_5ea5a964067d\drift_rate.json,bf7a0983fca86a56b860b8c44b7dce0596baa834595c63fc63116beffb05b90c,0.95,,,,,True,60001|slow|1|398f2103b79d9db0cd1c0088831795d799637c383f5de5c59d6c770337f884b3|f708ca1f99b3c1a76f51ea7b57fd5f9cccb527096e87a111b483d50227554508,0.0,45.73957539999901,,0.03070948698421103,"{""source"": ""journal_results\\exp1_csi\\smoke\\20261003T215134958149_e258dc1b485d\\joint_radius.json"", ""sha256"": ""e367c659e9ff5c33ba76b5aed776e6d356dae00502ac867535f609958ff26a8f"", ""quantile"": 0.99, ""scope_fingerprint"": ""3080a6c61690f2af638ad0b379044abc6a35745d85d5738086bc4095287eae88"", ""interpretation"": ""Offline maximum over calibration seeds of empirical all-user joint relative-error quantiles (per seed: max over phase profiles). This is an empirical offline calibration radius based on finite calibration drops; it is not a deterministic future-horizon guarantee and not a robust certificate.""}",0.0,,,,,,,False,False,0.0029536000001826324,0.0,False,0.0,14.132,13.6,0.532,0.0,df15de685260c82b95d17877b298eb496a811ba1bd6713830e602b5c6a4b399e,426c6e756b325ad134390ea5c3dfc032ffd08184610520657a81b763f9cbf096,398f2103b79d9db0cd1c0088831795d799637c383f5de5c59d6c770337f884b3,3411377875
60001,slow,0.9999,2,0.2,periodic_short,,,,True,initial_design,0.0,0.0,0.0,0.0,0.0,False,False,NO_ELIGIBLE_CANDIDATE,0.0,0.0,0,0,1,0,0,0,0,0,0,0,0,0,0.0,0.3370943604829937,journal_results\exp1b_drift\smoke\20261003T215138172054_5ea5a964067d\drift_rate.json,bf7a0983fca86a56b860b8c44b7dce0596baa834595c63fc63116beffb05b90c,0.95,,,,,True,60001|slow|2|07b7cb2adcd9c0453f27d2473b03b3fe8b0460767d9f6e817e7c45dfae0b2d47|f708ca1f99b3c1a76f51ea7b57fd5f9cccb527096e87a111b483d50227554508,0.0,37.00508769999942,,0.03070948698421103,"{""source"": ""journal_results\\exp1_csi\\smoke\\20261003T215134958149_e258dc1b485d\\joint_radius.json"", ""sha256"": ""e367c659e9ff5c33ba76b5aed776e6d356dae00502ac867535f609958ff26a8f"", ""quantile"": 0.99, ""scope_fingerprint"": ""3080a6c61690f2af638ad0b379044abc6a35745d85d5738086bc4095287eae88"", ""interpretation"": ""Offline maximum over calibration seeds of empirical all-user joint relative-error quantiles (per seed: max over phase profiles). This is an empirical offline calibration radius based on finite calibration drops; it is not a deterministic future-horizon guarantee and not a robust certificate.""}",0.0,,,,,,,False,False,0.0030523000023094937,0.0,False,0.0,14.132,13.6,0.532,0.0,df15de685260c82b95d17877b298eb496a811ba1bd6713830e602b5c6a4b399e,426c6e756b325ad134390ea5c3dfc032ffd08184610520657a81b763f9cbf096,07b7cb2adcd9c0453f27d2473b03b3fe8b0460767d9f6e817e7c45dfae0b2d47,1327477118
60001,slow,0.9999,0,0.0,periodic_long,,,,True,initial_design,0.0,0.0,0.0,0.0,0.0,False,False,NO_ELIGIBLE_CANDIDATE,0.0,0.0,0,0,1,0,0,0,0,0,0,0,0,0,0.0,0.3370943604829937,journal_results\exp1b_drift\smoke\20261003T215138172054_5ea5a964067d\drift_rate.json,bf7a0983fca86a56b860b8c44b7dce0596baa834595c63fc63116beffb05b90c,0.95,,,,,True,60001|slow|0|b9dc0687863836196db7c50121290e1133ef397be27eac408d9d38963403614d|f708ca1f99b3c1a76f51ea7b57fd5f9cccb527096e87a111b483d50227554508,0.0,23.428613700001733,,0.03070948698421103,"{""source"": ""journal_results\\exp1_csi\\smoke\\20261003T215134958149_e258dc1b485d\\joint_radius.json"", ""sha256"": ""e367c659e9ff5c33ba76b5aed776e6d356dae00502ac867535f609958ff26a8f"", ""quantile"": 0.99, ""scope_fingerprint"": ""3080a6c61690f2af638ad0b379044abc6a35745d85d5738086bc4095287eae88"", ""interpretation"": ""Offline maximum over calibration seeds of empirical all-user joint relative-error quantiles (per seed: max over phase profiles). This is an empirical offline calibration radius based on finite calibration drops; it is not a deterministic future-horizon guarantee and not a robust certificate.""}",0.0,,,,,,,False,False,0.0028158999994047917,0.0,False,0.0,14.132,13.6,0.532,0.0,df15de685260c82b95d17877b298eb496a811ba1bd6713830e602b5c6a4b399e,426c6e756b325ad134390ea5c3dfc032ffd08184610520657a81b763f9cbf096,b9dc0687863836196db7c50121290e1133ef397be27eac408d9d38963403614d,232208054
60001,slow,0.9999,1,0.1,periodic_long,,,,True,initial_design,0.0,0.0,0.0,0.0,0.0,False,False,NO_ELIGIBLE_CANDIDATE,0.0,0.0,0,0,1,0,0,0,0,0,0,0,0,0,0.0,0.3370943604829937,journal_results\exp1b_drift\smoke\20261003T215138172054_5ea5a964067d\drift_rate.json,bf7a0983fca86a56b860b8c44b7dce0596baa834595c63fc63116beffb05b90c,0.95,,,,,True,60001|slow|1|398f2103b79d9db0cd1c0088831795d799637c383f5de5c59d6c770337f884b3|f708ca1f99b3c1a76f51ea7b57fd5f9cccb527096e87a111b483d50227554508,0.0,45.73957539999901,,0.03070948698421103,"{""source"": ""journal_results\\exp1_csi\\smoke\\20261003T215134958149_e258dc1b485d\\joint_radius.json"", ""sha256"": ""e367c659e9ff5c33ba76b5aed776e6d356dae00502ac867535f609958ff26a8f"", ""quantile"": 0.99, ""scope_fingerprint"": ""3080a6c61690f2af638ad0b379044abc6a35745d85d5738086bc4095287eae88"", ""interpretation"": ""Offline maximum over calibration seeds of empirical all-user joint relative-error quantiles (per seed: max over phase profiles). This is an empirical offline calibration radius based on finite calibration drops; it is not a deterministic future-horizon guarantee and not a robust certificate.""}",0.0,,,,,,,False,False,0.0028588000022864435,0.0,False,0.0,14.132,13.6,0.532,0.0,df15de685260c82b95d17877b298eb496a811ba1bd6713830e602b5c6a4b399e,426c6e756b325ad134390ea5c3dfc032ffd08184610520657a81b763f9cbf096,398f2103b79d9db0cd1c0088831795d799637c383f5de5c59d6c770337f884b3,3411377875
60001,slow,0.9999,2,0.2,periodic_long,,,,True,initial_design,0.0,0.0,0.0,0.0,0.0,False,False,NO_ELIGIBLE_CANDIDATE,0.0,0.0,0,0,1,0,0,0,0,0,0,0,0,0,0.0,0.3370943604829937,journal_results\exp1b_drift\smoke\20261003T215138172054_5ea5a964067d\drift_rate.json,bf7a0983fca86a56b860b8c44b7dce0596baa834595c63fc63116beffb05b90c,0.95,,,,,True,60001|slow|2|07b7cb2adcd9c0453f27d2473b03b3fe8b0460767d9f6e817e7c45dfae0b2d47|f708ca1f99b3c1a76f51ea7b57fd5f9cccb527096e87a111b483d50227554508,0.0,37.00508769999942,,0.03070948698421103,"{""source"": ""journal_results\\exp1_csi\\smoke\\20261003T215134958149_e258dc1b485d\\joint_radius.json"", ""sha256"": ""e367c659e9ff5c33ba76b5aed776e6d356dae00502ac867535f609958ff26a8f"", ""quantile"": 0.99, ""scope_fingerprint"": ""3080a6c61690f2af638ad0b379044abc6a35745d85d5738086bc4095287eae88"", ""interpretation"": ""Offline maximum over calibration seeds of empirical all-user joint relative-error quantiles (per seed: max over phase profiles). This is an empirical offline calibration radius based on finite calibration drops; it is not a deterministic future-horizon guarantee and not a robust certificate.""}",0.0,,,,,,,False,False,0.0030287000008684117,0.0,False,0.0,14.132,13.6,0.532,0.0,df15de685260c82b95d17877b298eb496a811ba1bd6713830e602b5c6a4b399e,426c6e756b325ad134390ea5c3dfc032ffd08184610520657a81b763f9cbf096,07b7cb2adcd9c0453f27d2473b03b3fe8b0460767d9f6e817e7c45dfae0b2d47,1327477118
60001,slow,0.9999,0,0.0,certificate_triggered,,,,True,initial_design,0.0,0.0,0.0,0.0,0.0,False,False,NO_ELIGIBLE_CANDIDATE,0.0,0.0,0,0,1,0,0,0,0,0,0,0,0,0,0.0,0.3370943604829937,journal_results\exp1b_drift\smoke\20261003T215138172054_5ea5a964067d\drift_rate.json,bf7a0983fca86a56b860b8c44b7dce0596baa834595c63fc63116beffb05b90c,0.95,,,,,True,60001|slow|0|b9dc0687863836196db7c50121290e1133ef397be27eac408d9d38963403614d|f708ca1f99b3c1a76f51ea7b57fd5f9cccb527096e87a111b483d50227554508,0.0,23.428613700001733,,0.03070948698421103,"{""source"": ""journal_results\\exp1_csi\\smoke\\20261003T215134958149_e258dc1b485d\\joint_radius.json"", ""sha256"": ""e367c659e9ff5c33ba76b5aed776e6d356dae00502ac867535f609958ff26a8f"", ""quantile"": 0.99, ""scope_fingerprint"": ""3080a6c61690f2af638ad0b379044abc6a35745d85d5738086bc4095287eae88"", ""interpretation"": ""Offline maximum over calibration seeds of empirical all-user joint relative-error quantiles (per seed: max over phase profiles). This is an empirical offline calibration radius based on finite calibration drops; it is not a deterministic future-horizon guarantee and not a robust certificate.""}",0.0,,,,,,,False,False,0.0026291000031051226,0.0,False,0.0,14.132,13.6,0.532,0.0,df15de685260c82b95d17877b298eb496a811ba1bd6713830e602b5c6a4b399e,426c6e756b325ad134390ea5c3dfc032ffd08184610520657a81b763f9cbf096,b9dc0687863836196db7c50121290e1133ef397be27eac408d9d38963403614d,232208054
60001,slow,0.9999,1,0.1,certificate_triggered,,,,True,initial_design,0.0,0.0,0.0,0.0,0.0,False,False,NO_ELIGIBLE_CANDIDATE,0.0,0.0,0,0,1,0,0,0,0,0,0,0,0,0,0.0,0.3370943604829937,journal_results\exp1b_drift\smoke\20261003T215138172054_5ea5a964067d\drift_rate.json,bf7a0983fca86a56b860b8c44b7dce0596baa834595c63fc63116beffb05b90c,0.95,,,,,True,60001|slow|1|398f2103b79d9db0cd1c0088831795d799637c383f5de5c59d6c770337f884b3|f708ca1f99b3c1a76f51ea7b57fd5f9cccb527096e87a111b483d50227554508,0.0,45.73957539999901,,0.03070948698421103,"{""source"": ""journal_results\\exp1_csi\\smoke\\20261003T215134958149_e258dc1b485d\\joint_radius.json"", ""sha256"": ""e367c659e9ff5c33ba76b5aed776e6d356dae00502ac867535f609958ff26a8f"", ""quantile"": 0.99, ""scope_fingerprint"": ""3080a6c61690f2af638ad0b379044abc6a35745d85d5738086bc4095287eae88"", ""interpretation"": ""Offline maximum over calibration seeds of empirical all-user joint relative-error quantiles (per seed: max over phase profiles). This is an empirical offline calibration radius based on finite calibration drops; it is not a deterministic future-horizon guarantee and not a robust certificate.""}",0.0,,,,,,,False,False,0.0032974000023386907,0.0,False,0.0,14.132,13.6,0.532,0.0,df15de685260c82b95d17877b298eb496a811ba1bd6713830e602b5c6a4b399e,426c6e756b325ad134390ea5c3dfc032ffd08184610520657a81b763f9cbf096,398f2103b79d9db0cd1c0088831795d799637c383f5de5c59d6c770337f884b3,3411377875
60001,slow,0.9999,2,0.2,certificate_triggered,,,,True,initial_design,0.0,0.0,0.0,0.0,0.0,False,False,NO_ELIGIBLE_CANDIDATE,0.0,0.0,0,0,1,0,0,0,0,0,0,0,0,0,0.0,0.3370943604829937,journal_results\exp1b_drift\smoke\20261003T215138172054_5ea5a964067d\drift_rate.json,bf7a0983fca86a56b860b8c44b7dce0596baa834595c63fc63116beffb05b90c,0.95,,,,,True,60001|slow|2|07b7cb2adcd9c0453f27d2473b03b3fe8b0460767d9f6e817e7c45dfae0b2d47|f708ca1f99b3c1a76f51ea7b57fd5f9cccb527096e87a111b483d50227554508,0.0,37.00508769999942,,0.03070948698421103,"{""source"": ""journal_results\\exp1_csi\\smoke\\20261003T215134958149_e258dc1b485d\\joint_radius.json"", ""sha256"": ""e367c659e9ff5c33ba76b5aed776e6d356dae00502ac867535f609958ff26a8f"", ""quantile"": 0.99, ""scope_fingerprint"": ""3080a6c61690f2af638ad0b379044abc6a35745d85d5738086bc4095287eae88"", ""interpretation"": ""Offline maximum over calibration seeds of empirical all-user joint relative-error quantiles (per seed: max over phase profiles). This is an empirical offline calibration radius based on finite calibration drops; it is not a deterministic future-horizon guarantee and not a robust certificate.""}",0.0,,,,,,,False,False,0.003223300001991447,0.0,False,0.0,14.132,13.6,0.532,0.0,df15de685260c82b95d17877b298eb496a811ba1bd6713830e602b5c6a4b399e,426c6e756b325ad134390ea5c3dfc032ffd08184610520657a81b763f9cbf096,07b7cb2adcd9c0453f27d2473b03b3fe8b0460767d9f6e817e7c45dfae0b2d47,1327477118
60001,slow,0.9999,0,0.0,static,,,,True,initial_design,0.0,0.0,0.0,0.0,0.0,False,False,NO_ELIGIBLE_CANDIDATE,0.0,0.0,0,0,1,0,0,0,0,0,0,0,0,0,0.0,0.3370943604829937,journal_results\exp1b_drift\smoke\20261003T215138172054_5ea5a964067d\drift_rate.json,bf7a0983fca86a56b860b8c44b7dce0596baa834595c63fc63116beffb05b90c,0.95,,,,,True,60001|slow|0|b9dc0687863836196db7c50121290e1133ef397be27eac408d9d38963403614d|f708ca1f99b3c1a76f51ea7b57fd5f9cccb527096e87a111b483d50227554508,0.0,23.428613700001733,,0.03070948698421103,"{""source"": ""journal_results\\exp1_csi\\smoke\\20261003T215134958149_e258dc1b485d\\joint_radius.json"", ""sha256"": ""e367c659e9ff5c33ba76b5aed776e6d356dae00502ac867535f609958ff26a8f"", ""quantile"": 0.99, ""scope_fingerprint"": ""3080a6c61690f2af638ad0b379044abc6a35745d85d5738086bc4095287eae88"", ""interpretation"": ""Offline maximum over calibration seeds of empirical all-user joint relative-error quantiles (per seed: max over phase profiles). This is an empirical offline calibration radius based on finite calibration drops; it is not a deterministic future-horizon guarantee and not a robust certificate.""}",0.0,,,,,,,False,False,0.0027481000033731107,0.0,False,0.0,14.132,13.6,0.532,0.0,df15de685260c82b95d17877b298eb496a811ba1bd6713830e602b5c6a4b399e,426c6e756b325ad134390ea5c3dfc032ffd08184610520657a81b763f9cbf096,b9dc0687863836196db7c50121290e1133ef397be27eac408d9d38963403614d,232208054
60001,slow,0.9999,1,0.1,static,,,,True,initial_design,0.0,0.0,0.0,0.0,0.0,False,False,NO_ELIGIBLE_CANDIDATE,0.0,0.0,0,0,1,0,0,0,0,0,0,0,0,0,0.0,0.3370943604829937,journal_results\exp1b_drift\smoke\20261003T215138172054_5ea5a964067d\drift_rate.json,bf7a0983fca86a56b860b8c44b7dce0596baa834595c63fc63116beffb05b90c,0.95,,,,,True,60001|slow|1|398f2103b79d9db0cd1c0088831795d799637c383f5de5c59d6c770337f884b3|f708ca1f99b3c1a76f51ea7b57fd5f9cccb527096e87a111b483d50227554508,0.0,45.73957539999901,,0.03070948698421103,"{""source"": ""journal_results\\exp1_csi\\smoke\\20261003T215134958149_e258dc1b485d\\joint_radius.json"", ""sha256"": ""e367c659e9ff5c33ba76b5aed776e6d356dae00502ac867535f609958ff26a8f"", ""quantile"": 0.99, ""scope_fingerprint"": ""3080a6c61690f2af638ad0b379044abc6a35745d85d5738086bc4095287eae88"", ""interpretation"": ""Offline maximum over calibration seeds of empirical all-user joint relative-error quantiles (per seed: max over phase profiles). This is an empirical offline calibration radius based on finite calibration drops; it is not a deterministic future-horizon guarantee and not a robust certificate.""}",0.0,,,,,,,False,False,0.002747599999565864,0.0,False,0.0,14.132,13.6,0.532,0.0,df15de685260c82b95d17877b298eb496a811ba1bd6713830e602b5c6a4b399e,426c6e756b325ad134390ea5c3dfc032ffd08184610520657a81b763f9cbf096,398f2103b79d9db0cd1c0088831795d799637c383f5de5c59d6c770337f884b3,3411377875
60001,slow,0.9999,2,0.2,static,,,,True,initial_design,0.0,0.0,0.0,0.0,0.0,False,False,NO_ELIGIBLE_CANDIDATE,0.0,0.0,0,0,1,0,0,0,0,0,0,0,0,0,0.0,0.3370943604829937,journal_results\exp1b_drift\smoke\20261003T215138172054_5ea5a964067d\drift_rate.json,bf7a0983fca86a56b860b8c44b7dce0596baa834595c63fc63116beffb05b90c,0.95,,,,,True,60001|slow|2|07b7cb2adcd9c0453f27d2473b03b3fe8b0460767d9f6e817e7c45dfae0b2d47|f708ca1f99b3c1a76f51ea7b57fd5f9cccb527096e87a111b483d50227554508,0.0,37.00508769999942,,0.03070948698421103,"{""source"": ""journal_results\\exp1_csi\\smoke\\20261003T215134958149_e258dc1b485d\\joint_radius.json"", ""sha256"": ""e367c659e9ff5c33ba76b5aed776e6d356dae00502ac867535f609958ff26a8f"", ""quantile"": 0.99, ""scope_fingerprint"": ""3080a6c61690f2af638ad0b379044abc6a35745d85d5738086bc4095287eae88"", ""interpretation"": ""Offline maximum over calibration seeds of empirical all-user joint relative-error quantiles (per seed: max over phase profiles). This is an empirical offline calibration radius based on finite calibration drops; it is not a deterministic future-horizon guarantee and not a robust certificate.""}",0.0,,,,,,,False,False,0.002996899998834124,0.0,False,0.0,14.132,13.6,0.532,0.0,df15de685260c82b95d17877b298eb496a811ba1bd6713830e602b5c6a4b399e,426c6e756b325ad134390ea5c3dfc032ffd08184610520657a81b763f9cbf096,07b7cb2adcd9c0453f27d2473b03b3fe8b0460767d9f6e817e7c45dfae0b2d47,1327477118
