seed,label,candidate,epsilon_cert,old_epsilon_claim,tested_radius,alpha,radius_basis,user_index,strict_status,solver_status,lambda_value,raw_min_eig,normalized_min_eig,fast_feasible,fast_margin,dense_grid_margin,analytic_worst_sinr,violation_count,sample_count,violation_rate,sinr_min,sinr_p5
60001,tiny_fragile,tiny_fragile,0.0004899177551269531,0.0005,0.00012247943878173828,0.25,new_validated_lower,"[0, 0]",STRICT_FEASIBLE,optimal,14277.980508140918,0.0007163902236281893,0.0007156740125021171,True,0.0007548061123262061,0.0007547895026033039,1.000755561496255,0,50,0.0,1.0007613969197675,1.0008151840766641
60001,tiny_fragile,tiny_fragile,0.0004899177551269531,0.0005,0.00024495887756347657,0.5,new_validated_lower,"[0, 0]",STRICT_FEASIBLE,optimal,3219.97729820149,0.0004964498048459557,0.0004959534791535608,True,0.0005098922191285026,0.0005098841844186747,1.0005104025246485,0,50,0.0,1.00052207205754,1.0006296428994235
60001,tiny_fragile,tiny_fragile,0.0004899177551269531,0.0005,0.0004409259796142578,0.9,new_validated_lower,"[0, 0]",STRICT_FEASIBLE,optimal,2110.766885471552,0.00011589906142331222,0.0001157831913366542,True,0.0001180924335317233,0.00011790792199096767,1.0001182106375759,0,50,0.0,1.0001392120120767,1.0003328295283656
60001,tiny_fragile,tiny_fragile,0.0004899177551269531,0.0005,0.0004899177551269531,1.0,new_validated_lower,"[0, 0]",STRICT_FEASIBLE,optimal,2034.10996604997,2.0166953765859432e-05,2.014679185383182e-05,True,2.0154504315175758e-05,1.9893166909157117e-05,1.0000201746787878,0,50,0.0,1.0000435084880375,1.0002586362841637
60001,tiny_fragile,tiny_fragile,0.0004899177551269531,0.0005,0.0005389095306396485,1.1,new_validated_lower,"[0, 0]",STRICT_INFEASIBLE,infeasible,,,,False,-7.777861520858094e-05,-7.812859784709855e-05,0.9999221435251922,1,50,0.02,0.9999478095589288,1.0001844470793873
60001,conference_34,conference_34,0.08942260742187502,0.0908935546875,0.022355651855468756,0.25,new_validated_lower,"[0, 0]",STRICT_FEASIBLE,optimal,1.2198028067516595,0.007780001226766586,0.01626015905687106,True,0.018095190555242467,0.018094895227420388,,0,50,0.0,10.410162845591024,10.428249194699283
60001,conference_34,conference_34,0.08942260742187502,0.0908935546875,0.022355651855468756,0.25,new_validated_lower,"[0, 1]",STRICT_FEASIBLE,optimal,1.2198283324980816,0.00788148016687873,0.016357211574951958,True,0.018267704831715786,0.01826675932647638,,0,50,0.0,10.410162845591024,10.428249194699283
60001,conference_34,conference_34,0.08942260742187502,0.0908935546875,0.022355651855468756,0.25,new_validated_lower,"[0, 2]",STRICT_FEASIBLE,optimal,1.2127709450136215,0.007327503790917067,0.024248790059883785,True,0.02577938897420794,0.02577910707796973,,0,50,0.0,10.410162845591024,10.428249194699283
60001,conference_34,conference_34,0.08942260742187502,0.0908935546875,0.022355651855468756,0.25,new_validated_lower,"[1, 0]",STRICT_FEASIBLE,optimal,1.04725329431364,0.0076382972821447265,0.01520034714838655,True,0.018666493185381845,0.01866605476857933,,0,50,0.0,10.410162845591024,10.428249194699283
60001,conference_34,conference_34,0.08942260742187502,0.0908935546875,0.022355651855468756,0.25,new_validated_lower,"[1, 1]",STRICT_FEASIBLE,optimal,1.075713581828137,0.011709164603132816,0.010567090524991387,True,0.01209340759427472,0.012093357626810436,,0,50,0.0,10.410162845591024,10.428249194699283
60001,conference_34,conference_34,0.08942260742187502,0.0908935546875,0.022355651855468756,0.25,new_validated_lower,"[1, 2]",STRICT_FEASIBLE,optimal,1.1293929189621033,0.009060774692808124,0.014531863631844076,True,0.01644862587260874,0.01644821987555162,,0,50,0.0,10.410162845591024,10.428249194699283
60001,conference_34,conference_34,0.08942260742187502,0.0908935546875,0.04471130371093751,0.5,new_validated_lower,"[0, 0]",STRICT_FEASIBLE,optimal,1.2036927189145048,0.006779380652950473,0.014168364629825403,True,0.014421603576495906,0.014420156786160373,,0,50,0.0,9.632769129888233,9.779716341605054
60001,conference_34,conference_34,0.08942260742187502,0.0908935546875,0.04471130371093751,0.5,new_validated_lower,"[0, 1]",STRICT_FEASIBLE,optimal,1.2040654848687111,0.006873943977173558,0.014265698156724405,True,0.014531929413660327,0.014529661729955068,,0,50,0.0,9.632769129888233,9.779716341605054
60001,conference_34,conference_34,0.08942260742187502,0.0908935546875,0.04471130371093751,0.5,new_validated_lower,"[0, 2]",STRICT_FEASIBLE,optimal,1.2014564622427055,0.006702045367167009,0.022178170006284526,True,0.02235082537013855,0.022348698403923284,,0,50,0.0,9.632769129888233,9.779716341605054
60001,conference_34,conference_34,0.08942260742187502,0.0908935546875,0.04471130371093751,0.5,new_validated_lower,"[1, 0]",STRICT_FEASIBLE,optimal,1.034777827925248,0.006475787407039179,0.012886326411538532,True,0.013969184226311103,0.01396910747623183,,0,50,0.0,9.632769129888233,9.779716341605054
60001,conference_34,conference_34,0.08942260742187502,0.0908935546875,0.04471130371093751,0.5,new_validated_lower,"[1, 1]",STRICT_FEASIBLE,optimal,1.0573956856843596,0.009171738336654795,0.008278123347605137,True,0.008543614504100813,0.008542612149739465,,0,50,0.0,9.632769129888233,9.779716341605054
60001,conference_34,conference_34,0.08942260742187502,0.0908935546875,0.04471130371093751,0.5,new_validated_lower,"[1, 2]",STRICT_FEASIBLE,optimal,1.1152786990145764,0.007662032164508656,0.012288028101515636,True,0.01277493161911534,0.012770866921318385,,0,50,0.0,9.632769129888233,9.779716341605054
60001,conference_34,conference_34,0.08942260742187502,0.0908935546875,0.08048034667968752,0.9,new_validated_lower,"[0, 0]",STRICT_FEASIBLE,optimal,1.1439802397262029,0.003960223237405525,0.00827532022514832,True,0.008755251580754797,0.008741276332845938,,0,50,0.0,7.323876104919664,8.063979379839164
60001,conference_34,conference_34,0.08942260742187502,0.0908935546875,0.08048034667968752,0.9,new_validated_lower,"[0, 1]",STRICT_FEASIBLE,optimal,1.1445017694760597,0.004033668863636208,0.00837000629556195,True,0.00886755557786656,0.008848530008510602,,0,50,0.0,7.323876104919664,8.063979379839164
60001,conference_34,conference_34,0.08942260742187502,0.0908935546875,0.08048034667968752,0.9,new_validated_lower,"[0, 2]",STRICT_FEASIBLE,optimal,1.1636289412832266,0.004906136359420499,0.016233072425728357,True,0.016786889380391135,0.016783745101645653,,0,50,0.0,7.323876104919664,8.063979379839164
60001,conference_34,conference_34,0.08942260742187502,0.0908935546875,0.08048034667968752,0.9,new_validated_lower,"[1, 0]",STRICT_FEASIBLE,optimal,0.9860328939410693,0.0031562594998635627,0.006279309210443877,True,0.006279313044123399,0.006275435927913773,,0,50,0.0,7.323876104919664,8.063979379839164
60001,conference_34,conference_34,0.08942260742187502,0.0908935546875,0.08048034667968752,0.9,new_validated_lower,"[1, 1]",STRICT_FEASIBLE,optimal,0.9733576888208012,0.0021254922572328527,0.00191999935403607,True,0.0019457971671098875,0.0019453912750846541,,0,50,0.0,7.323876104919664,8.063979379839164
60001,conference_34,conference_34,0.08942260742187502,0.0908935546875,0.08048034667968752,0.9,new_validated_lower,"[1, 2]",STRICT_FEASIBLE,optimal,1.0621340208865477,0.003679194687944755,0.00589933997874645,True,0.0059062005536272034,0.005888830508214055,,0,50,0.0,7.323876104919664,8.063979379839164
60001,conference_34,conference_34,0.08942260742187502,0.0908935546875,0.08942260742187502,1.0,new_validated_lower,"[0, 0]",STRICT_FEASIBLE,optimal,1.1187332752647412,0.0030783086996241105,0.006432000631352408,True,0.007234791276982289,0.007159390403954247,,0,50,0.0,6.609920015782671,7.5696505424358245
60001,conference_34,conference_34,0.08942260742187502,0.0908935546875,0.08942260742187502,1.0,new_validated_lower,"[0, 1]",STRICT_FEASIBLE,optimal,1.119364711613029,0.0031449419630448228,0.006525422333778064,True,0.007346925960282857,0.007266465296379754,,0,50,0.0,6.609920015782671,7.5696505424358245
60001,conference_34,conference_34,0.08942260742187502,0.0908935546875,0.08942260742187502,1.0,new_validated_lower,"[0, 2]",STRICT_FEASIBLE,optimal,1.1491880440305795,0.004325044982263826,0.01430960814459703,True,0.015252223676820997,0.015202288109289419,,0,50,0.0,6.609920015782671,7.5696505424358245
60001,conference_34,conference_34,0.08942260742187502,0.0908935546875,0.08942260742187502,1.0,new_validated_lower,"[1, 0]",STRICT_FEASIBLE,optimal,0.9628130795982269,0.0021001814180578527,0.004177696496991812,True,0.0042061029052709335,0.004203285516476688,,0,50,0.0,6.609920015782671,7.5696505424358245
60001,conference_34,conference_34,0.08942260742187502,0.0908935546875,0.08942260742187502,1.0,new_validated_lower,"[1, 1]",STRICT_FEASIBLE,optimal,0.9065978373919893,1.2097966620282924e-06,1.0943988504302088e-06,True,1.143087490061527e-06,-1.0445495475199483e-05,,0,50,0.0,6.609920015782671,7.5696505424358245
60001,conference_34,conference_34,0.08942260742187502,0.0908935546875,0.08942260742187502,1.0,new_validated_lower,"[1, 2]",STRICT_FEASIBLE,optimal,1.0382669803152633,0.0024113270264808813,0.003865915116326047,True,0.0038995409576985454,0.003896434772810646,,0,50,0.0,6.609920015782671,7.5696505424358245
60001,conference_34,conference_34,0.08942260742187502,0.0908935546875,0.09836486816406254,1.1,new_validated_lower,"[0, 0]",STRICT_FEASIBLE,optimal,1.0863555946690735,0.0021629261994651205,0.0045188872321580975,True,0.005559606179878551,0.005410951754264537,,0,50,0.0,5.953750607614272,7.082570617328336
60001,conference_34,conference_34,0.08942260742187502,0.0908935546875,0.09836486816406254,1.1,new_validated_lower,"[0, 1]",STRICT_FEASIBLE,optimal,1.087202200362406,0.0022221277414692375,0.004610239996870047,True,0.005671554410064561,0.005517831532968476,,0,50,0.0,5.953750607614272,7.082570617328336
60001,conference_34,conference_34,0.08942260742187502,0.0908935546875,0.09836486816406254,1.1,new_validated_lower,"[0, 2]",STRICT_FEASIBLE,optimal,1.1321002871705503,0.003702121693061833,0.01224778878934163,True,0.013563704390071762,0.01345430557893923,,0,50,0.0,5.953750607614272,7.082570617328336
60001,conference_34,conference_34,0.08942260742187502,0.0908935546875,0.09836486816406254,1.1,new_validated_lower,"[1, 0]",STRICT_FEASIBLE,optimal,0.928079705498841,0.000994518854556317,0.001977801291839041,True,0.0020399883356702997,0.002027180704724671,,0,50,0.0,5.953750607614272,7.082570617328336
60001,conference_34,conference_34,0.08942260742187502,0.0908935546875,0.09836486816406254,1.1,new_validated_lower,"[1, 1]",STRICT_INFEASIBLE,infeasible,,,,False,-0.002078253762554306,-0.0020827409525087065,,0,50,0.0,5.953750607614272,7.082570617328336
60001,conference_34,conference_34,0.08942260742187502,0.0908935546875,0.09836486816406254,1.1,new_validated_lower,"[1, 2]",STRICT_FEASIBLE,optimal,1.0048965081837204,0.0010732216089474524,0.0017202205761636703,True,0.0017608359815353691,0.0017484068668821295,,0,50,0.0,5.953750607614272,7.082570617328336
60001,conference_6,conference_6,0.112860107421875,0.11396484374999999,0.02821502685546875,0.25,new_validated_lower,"[0, 0]",STRICT_FEASIBLE,optimal,1.4212301567280885,0.010524785981976481,0.014319340293100336,True,0.01621891384311612,0.016218585717883243,,0,50,0.0,7.956972657092445,7.9857157417071045
60001,conference_6,conference_6,0.112860107421875,0.11396484374999999,0.02821502685546875,0.25,new_validated_lower,"[0, 1]",STRICT_FEASIBLE,optimal,1.4402687358284478,0.007053069866870265,0.017402870896212397,True,0.020008874403162125,0.020006852627562743,,0,50,0.0,7.956972657092445,7.9857157417071045
60001,conference_6,conference_6,0.112860107421875,0.11396484374999999,0.02821502685546875,0.25,new_validated_lower,"[0, 2]",STRICT_FEASIBLE,optimal,1.4859334845043721,0.01180000083746563,0.015054553185830932,True,0.015604931504080455,0.015603400131667059,,0,50,0.0,7.956972657092445,7.9857157417071045
60001,conference_6,conference_6,0.112860107421875,0.11396484374999999,0.02821502685546875,0.25,new_validated_lower,"[1, 0]",STRICT_FEASIBLE,optimal,1.493321568634056,0.00534172299446431,0.026523975982740828,True,0.02725578235254945,0.027254092859861398,,0,50,0.0,7.956972657092445,7.9857157417071045
60001,conference_6,conference_6,0.112860107421875,0.11396484374999999,0.02821502685546875,0.25,new_validated_lower,"[1, 1]",STRICT_FEASIBLE,optimal,1.462247984787323,0.013292243283385519,0.013944451125188217,True,0.015472865637242435,0.015472553423777144,,0,50,0.0,7.956972657092445,7.9857157417071045
60001,conference_6,conference_6,0.112860107421875,0.11396484374999999,0.02821502685546875,0.25,new_validated_lower,"[1, 2]",STRICT_FEASIBLE,optimal,1.5015009577851055,0.005658097613538915,0.021386074278038306,True,0.022862517174309507,0.022861919513655318,,0,50,0.0,7.956972657092445,7.9857157417071045
60001,conference_6,conference_6,0.112860107421875,0.11396484374999999,0.0564300537109375,0.5,new_validated_lower,"[0, 0]",STRICT_FEASIBLE,optimal,1.3895471453887176,0.008040060703667806,0.01093810814963947,True,0.01112094441919198,0.011119192410554701,,0,50,0.0,7.4953667863101705,7.556917102547443
60001,conference_6,conference_6,0.112860107421875,0.11396484374999999,0.0564300537109375,0.5,new_validated_lower,"[0, 1]",STRICT_FEASIBLE,optimal,1.4160744871850124,0.005658995333370664,0.013961036859035159,True,0.014441987021488023,0.014438027671040077,,0,50,0.0,7.4953667863101705,7.556917102547443
60001,conference_6,conference_6,0.112860107421875,0.11396484374999999,0.0564300537109375,0.5,new_validated_lower,"[0, 2]",STRICT_FEASIBLE,optimal,1.4501185079731178,0.0091596927249607,0.011685585940027332,True,0.011717236191120861,0.01171526557734992,,0,50,0.0,7.4953667863101705,7.556917102547443
60001,conference_6,conference_6,0.112860107421875,0.11396484374999999,0.0564300537109375,0.5,new_validated_lower,"[1, 0]",STRICT_FEASIBLE,optimal,1.4732239639595721,0.004670806318153531,0.023190150187866836,True,0.023190356210359198,0.02319004011440949,,0,50,0.0,7.4953667863101705,7.556917102547443
60001,conference_6,conference_6,0.112860107421875,0.11396484374999999,0.0564300537109375,0.5,new_validated_lower,"[1, 1]",STRICT_FEASIBLE,optimal,1.425531120535669,0.010171326401846759,0.010670247965173685,True,0.010687296405872723,0.01068533066801547,,0,50,0.0,7.4953667863101705,7.556917102547443
60001,conference_6,conference_6,0.112860107421875,0.11396484374999999,0.0564300537109375,0.5,new_validated_lower,"[1, 2]",STRICT_FEASIBLE,optimal,1.478569573508414,0.004764687769476,0.01800618801837943,True,0.018143389858494684,0.018143110421738388,,0,50,0.0,7.4953667863101705,7.556917102547443
60001,conference_6,conference_6,0.112860107421875,0.11396484374999999,0.1015740966796875,0.9,new_validated_lower,"[0, 0]",STRICT_FEASIBLE,optimal,1.2323410576587621,0.001436571192923175,0.001953558320997084,True,0.002400491375617597,0.0023894478673248676,,0,50,0.0,6.180864990588858,6.573110219541385
60001,conference_6,conference_6,0.112860107421875,0.11396484374999999,0.1015740966796875,0.9,new_validated_lower,"[0, 1]",STRICT_FEASIBLE,optimal,1.3154531410209886,0.0017900792572215218,0.00441275396433527,True,0.004620125524308627,0.0046196057037610205,,0,50,0.0,6.180864990588858,6.573110219541385
60001,conference_6,conference_6,0.112860107421875,0.11396484374999999,0.1015740966796875,0.9,new_validated_lower,"[0, 2]",STRICT_FEASIBLE,optimal,1.2909871700884374,0.002277589382961298,0.002904783647576431,True,0.0035149049392339815,0.003510500516485396,,0,50,0.0,6.180864990588858,6.573110219541385
60001,conference_6,conference_6,0.112860107421875,0.11396484374999999,0.1015740966796875,0.9,new_validated_lower,"[1, 0]",STRICT_FEASIBLE,optimal,1.4020960593694207,0.0027853280765864352,0.013822385539544485,True,0.014669730582705612,0.014667098199807715,,0,50,0.0,6.180864990588858,6.573110219541385
60001,conference_6,conference_6,0.112860107421875,0.11396484374999999,0.1015740966796875,0.9,new_validated_lower,"[1, 1]",STRICT_FEASIBLE,optimal,1.2535850572278846,0.00209345239714101,0.0021959536198497,True,0.0031116732947333147,0.002899801281510802,,0,50,0.0,6.180864990588858,6.573110219541385
60001,conference_6,conference_6,0.112860107421875,0.11396484374999999,0.1015740966796875,0.9,new_validated_lower,"[1, 2]",STRICT_FEASIBLE,optimal,1.3933712290328497,0.0022681882072784487,0.008564688229524428,True,0.00893204237874197,0.008928700580574551,,0,50,0.0,6.180864990588858,6.573110219541385
60001,conference_6,conference_6,0.112860107421875,0.11396484374999999,0.112860107421875,1.0,new_validated_lower,"[0, 0]",STRICT_FEASIBLE,optimal,1.0129440987548575,1.2822286621361198e-07,1.7415080599825217e-07,True,3.285942001274299e-07,-0.00012118127681615132,,0,50,0.0,5.782588903138027,6.2841907554566525
60001,conference_6,conference_6,0.112860107421875,0.11396484374999999,0.112860107421875,1.0,new_validated_lower,"[0, 1]",STRICT_FEASIBLE,optimal,1.2509673545445799,0.0006486922687815033,0.00159797656551941,True,0.0019088565127435841,0.0019073363631081919,,0,50,0.0,5.782588903138027,6.2841907554566525
60001,conference_6,conference_6,0.112860107421875,0.11396484374999999,0.112860107421875,1.0,new_validated_lower,"[0, 2]",STRICT_FEASIBLE,optimal,1.1940227088539035,0.0005208813072611063,0.000663916958050792,True,0.0008990136927491121,0.000849633998904753,,0,50,0.0,5.782588903138027,6.2841907554566525
60001,conference_6,conference_6,0.112860107421875,0.11396484374999999,0.112860107421875,1.0,new_validated_lower,"[1, 0]",STRICT_FEASIBLE,optimal,1.3731534709829376,0.0021949880004299843,0.010890014030971618,True,0.012028971298014054,0.012011032671400673,,0,50,0.0,5.782588903138027,6.2841907554566525
60001,conference_6,conference_6,0.112860107421875,0.11396484374999999,0.112860107421875,1.0,new_validated_lower,"[1, 1]",STRICT_FEASIBLE,optimal,1.1272499129111482,0.0002908783246475116,0.00030509390275393344,True,0.0007145688578476873,0.00037867079861865494,,0,50,0.0,5.782588903138027,6.2841907554566525
60001,conference_6,conference_6,0.112860107421875,0.11396484374999999,0.112860107421875,1.0,new_validated_lower,"[1, 2]",STRICT_FEASIBLE,optimal,1.355831191230418,0.0014970998543071962,0.005650264088051166,True,0.006200279294022663,0.006193825486637307,,0,50,0.0,5.782588903138027,6.2841907554566525
60001,conference_6,conference_6,0.112860107421875,0.11396484374999999,0.1241461181640625,1.1,new_validated_lower,"[0, 0]",STRICT_INFEASIBLE,infeasible,,,,False,-0.002633927294131533,-0.0028962803437884155,,0,50,0.0,5.395455522108834,5.953834906348735
60001,conference_6,conference_6,0.112860107421875,0.11396484374999999,0.1241461181640625,1.1,new_validated_lower,"[0, 1]",STRICT_INFEASIBLE,infeasible,,,,False,-0.000920923220484593,-0.0009209242447781318,,0,50,0.0,5.395455522108834,5.953834906348735
60001,conference_6,conference_6,0.112860107421875,0.11396484374999999,0.1241461181640625,1.1,new_validated_lower,"[0, 2]",STRICT_INFEASIBLE,infeasible,,,,False,-0.0019484229057268737,-0.0020922486703734006,,0,50,0.0,5.395455522108834,5.953834906348735
60001,conference_6,conference_6,0.112860107421875,0.11396484374999999,0.1241461181640625,1.1,new_validated_lower,"[1, 0]",STRICT_FEASIBLE,optimal,1.3373686405920677,0.0015788283677513754,0.007830017705433012,True,0.00917659095633739,0.00911038257506283,,0,50,0.0,5.395455522108834,5.953834906348735
60001,conference_6,conference_6,0.112860107421875,0.11396484374999999,0.1241461181640625,1.1,new_validated_lower,"[1, 1]",STRICT_INFEASIBLE,infeasible,,,,False,-0.0019215685164048553,-0.0024079035008175947,,0,50,0.0,5.395455522108834,5.953834906348735
60001,conference_6,conference_6,0.112860107421875,0.11396484374999999,0.1241461181640625,1.1,new_validated_lower,"[1, 2]",STRICT_FEASIBLE,optimal,1.304049216082038,0.0007090707926596038,0.0026737415152968125,True,0.003285297985288659,0.0032661473275400477,,0,50,0.0,5.395455522108834,5.953834906348735
60001,conference_26,26,0.0,0.0009521484374999999,0.00011901855468749998,0.125,old_unvalidated_claim,"[0, 0]",NUMERICALLY_UNCERTAIN,infeasible_inaccurate,,,,False,-2.1615209123471146e-05,-2.1618280318769223e-05,,49,50,0.98,1.9989245359662446,1.9992237435411127
60001,conference_26,26,0.0,0.0009521484374999999,0.00011901855468749998,0.125,old_unvalidated_claim,"[0, 1]",STRICT_INFEASIBLE,infeasible,,,,False,-3.4121741194326205e-05,-3.4136440945076174e-05,,49,50,0.98,1.9989245359662446,1.9992237435411127
60001,conference_26,26,0.0,0.0009521484374999999,0.00011901855468749998,0.125,old_unvalidated_claim,"[0, 2]",STRICT_INFEASIBLE,infeasible,,,,False,-7.223610936080149e-06,-7.224259832128155e-06,,49,50,0.98,1.9989245359662446,1.9992237435411127
60001,conference_26,26,0.0,0.0009521484374999999,0.00011901855468749998,0.125,old_unvalidated_claim,"[1, 0]",STRICT_INFEASIBLE,infeasible,,,,False,-9.496627758085911e-06,-9.496799359552785e-06,,49,50,0.98,1.9989245359662446,1.9992237435411127
60001,conference_26,26,0.0,0.0009521484374999999,0.00011901855468749998,0.125,old_unvalidated_claim,"[1, 1]",STRICT_INFEASIBLE,infeasible,,,,False,-6.7571246008204526e-06,-6.757916517750963e-06,,49,50,0.98,1.9989245359662446,1.9992237435411127
60001,conference_26,26,0.0,0.0009521484374999999,0.00011901855468749998,0.125,old_unvalidated_claim,"[1, 2]",STRICT_INFEASIBLE,infeasible,,,,False,-9.88681720735659e-06,-9.886931053544896e-06,,49,50,0.98,1.9989245359662446,1.9992237435411127
60001,conference_26,26,0.0,0.0009521484374999999,0.00023803710937499997,0.25,old_unvalidated_claim,"[0, 0]",NUMERICALLY_UNCERTAIN,SOLVER_ERROR,,,,False,-4.324141561506609e-05,-4.3241530340715206e-05,,49,50,0.98,1.997848510960441,1.998446830350023
60001,conference_26,26,0.0,0.0009521484374999999,0.00023803710937499997,0.25,old_unvalidated_claim,"[0, 1]",STRICT_INFEASIBLE,infeasible,,,,False,-6.824422428053367e-05,-6.82478163014409e-05,,49,50,0.98,1.997848510960441,1.998446830350023
60001,conference_26,26,0.0,0.0009521484374999999,0.00023803710937499997,0.25,old_unvalidated_claim,"[0, 2]",STRICT_INFEASIBLE,infeasible,,,,False,-1.4449454639020587e-05,-1.4454925775453376e-05,,49,50,0.98,1.997848510960441,1.998446830350023
60001,conference_26,26,0.0,0.0009521484374999999,0.00023803710937499997,0.25,old_unvalidated_claim,"[1, 0]",STRICT_INFEASIBLE,infeasible,,,,False,-1.8989527534932916e-05,-1.899545110866935e-05,,49,50,0.98,1.997848510960441,1.998446830350023
60001,conference_26,26,0.0,0.0009521484374999999,0.00023803710937499997,0.25,old_unvalidated_claim,"[1, 1]",STRICT_INFEASIBLE,infeasible,,,,False,-1.3512575092838551e-05,-1.3516946011725952e-05,,49,50,0.98,1.997848510960441,1.998446830350023
60001,conference_26,26,0.0,0.0009521484374999999,0.00023803710937499997,0.25,old_unvalidated_claim,"[1, 2]",STRICT_INFEASIBLE,infeasible,,,,False,-1.9774085060426375e-05,-1.9779743262700388e-05,,49,50,0.98,1.997848510960441,1.998446830350023
60001,conference_26,26,0.0,0.0009521484374999999,0.00047607421874999993,0.5,old_unvalidated_claim,"[0, 0]",STRICT_INFEASIBLE,infeasible,,,,False,-8.652696126355108e-05,-8.654681649983937e-05,,49,50,0.98,1.9956947835442445,1.9968910378396993
60001,conference_26,26,0.0,0.0009521484374999999,0.00047607421874999993,0.5,old_unvalidated_claim,"[0, 1]",STRICT_INFEASIBLE,infeasible,,,,False,-0.00013649146603711415,-0.00013649681372575754,,49,50,0.98,1.9956947835442445,1.9968910378396993
60001,conference_26,26,0.0,0.0009521484374999999,0.00047607421874999993,0.5,old_unvalidated_claim,"[0, 2]",STRICT_INFEASIBLE,infeasible,,,,False,-2.890811407496588e-05,-2.8908764456048202e-05,,49,50,0.98,1.9956947835442445,1.9968910378396993
60001,conference_26,26,0.0,0.0009521484374999999,0.00047607421874999993,0.5,old_unvalidated_claim,"[1, 0]",STRICT_INFEASIBLE,infeasible,,,,False,-3.796415715823369e-05,-3.796833151006321e-05,,49,50,0.98,1.9956947835442445,1.9968910378396993
60001,conference_26,26,0.0,0.0009521484374999999,0.00047607421874999993,0.5,old_unvalidated_claim,"[1, 1]",STRICT_INFEASIBLE,infeasible,,,,False,-2.701849419415038e-05,-2.701877760527442e-05,,49,50,0.98,1.9956947835442445,1.9968910378396993
60001,conference_26,26,0.0,0.0009521484374999999,0.00047607421874999993,0.5,old_unvalidated_claim,"[1, 2]",STRICT_INFEASIBLE,infeasible,,,,False,-3.955000974494988e-05,-3.955514600680715e-05,,49,50,0.98,1.9956947835442445,1.9968910378396993
60001,conference_26,26,0.0,0.0009521484374999999,0.00085693359375,0.9,old_unvalidated_claim,"[0, 0]",STRICT_INFEASIBLE,infeasible,,,,False,-0.00015587632806292892,-0.00015591447763085853,,49,50,0.98,1.9922441914126985,1.9943963346381188
60001,conference_26,26,0.0,0.0009521484374999999,0.00085693359375,0.9,old_unvalidated_claim,"[0, 1]",STRICT_INFEASIBLE,infeasible,,,,False,-0.0002456935993677689,-0.00024577071849307686,,49,50,0.98,1.9922441914126985,1.9943963346381188
60001,conference_26,26,0.0,0.0009521484374999999,0.00085693359375,0.9,old_unvalidated_claim,"[0, 2]",STRICT_INFEASIBLE,infeasible,,,,False,-5.206250975930971e-05,-5.206273278987628e-05,,49,50,0.98,1.9922441914126985,1.9943963346381188
60001,conference_26,26,0.0,0.0009521484374999999,0.00085693359375,0.9,old_unvalidated_claim,"[1, 0]",STRICT_INFEASIBLE,infeasible,,,,False,-6.829265283725153e-05,-6.83023875440467e-05,,49,50,0.98,1.9922441914126985,1.9943963346381188
60001,conference_26,26,0.0,0.0009521484374999999,0.00085693359375,0.9,old_unvalidated_claim,"[1, 1]",STRICT_INFEASIBLE,infeasible,,,,False,-4.861432899071891e-05,-4.8616759067781704e-05,,49,50,0.98,1.9922441914126985,1.9943963346381188
60001,conference_26,26,0.0,0.0009521484374999999,0.00085693359375,0.9,old_unvalidated_claim,"[1, 2]",STRICT_INFEASIBLE,infeasible,,,,False,-7.11955025592128e-05,-7.122013179752199e-05,,49,50,0.98,1.9922441914126985,1.9943963346381188
60001,conference_26,26,0.0,0.0009521484374999999,0.0009521484374999999,1.0,old_unvalidated_claim,"[0, 0]",NUMERICALLY_UNCERTAIN,infeasible_inaccurate,,,,False,-0.00017323156985232292,-0.0001732626927974934,,49,50,0.98,1.9913806577540858,1.9937716168846433
60001,conference_26,26,0.0,0.0009521484374999999,0.0009521484374999999,1.0,old_unvalidated_claim,"[0, 1]",STRICT_INFEASIBLE,infeasible,,,,False,-0.0002729954352389541,-0.00027310216293585654,,49,50,0.98,1.9913806577540858,1.9937716168846433
60001,conference_26,26,0.0,0.0009521484374999999,0.0009521484374999999,1.0,old_unvalidated_claim,"[0, 2]",STRICT_INFEASIBLE,infeasible,,,,False,-5.785528723234569e-05,-5.786040929833354e-05,,49,50,0.98,1.9913806577540858,1.9937716168846433
60001,conference_26,26,0.0,0.0009521484374999999,0.0009521484374999999,1.0,old_unvalidated_claim,"[1, 0]",STRICT_INFEASIBLE,infeasible,,,,False,-7.586884463080159e-05,-7.58707884245471e-05,,49,50,0.98,1.9913806577540858,1.9937716168846433
60001,conference_26,26,0.0,0.0009521484374999999,0.0009521484374999999,1.0,old_unvalidated_claim,"[1, 1]",STRICT_INFEASIBLE,infeasible,,,,False,-5.401069948790584e-05,-5.4010700062078734e-05,,49,50,0.98,1.9913806577540858,1.9937716168846433
60001,conference_26,26,0.0,0.0009521484374999999,0.0009521484374999999,1.0,old_unvalidated_claim,"[1, 2]",STRICT_INFEASIBLE,infeasible,,,,False,-7.910767785554286e-05,-7.912565926106039e-05,,49,50,0.98,1.9913806577540858,1.9937716168846433
60001,conference_26,26,0.0,0.0009521484374999999,0.00104736328125,1.1,old_unvalidated_claim,"[0, 0]",STRICT_INFEASIBLE,infeasible,,,,False,-0.0001905940078330559,-0.00019061868954395322,,49,50,0.98,1.9905167712637413,1.9931464834009303
60001,conference_26,26,0.0,0.0009521484374999999,0.00104736328125,1.1,old_unvalidated_claim,"[0, 1]",STRICT_INFEASIBLE,infeasible,,,,False,-0.00030029780615606653,-0.0003004298904158986,,49,50,0.98,1.9905167712637413,1.9931464834009303
60001,conference_26,26,0.0,0.0009521484374999999,0.00104736328125,1.1,old_unvalidated_claim,"[0, 2]",STRICT_INFEASIBLE,infeasible,,,,False,-6.364981062117472e-05,-6.366826257175996e-05,,49,50,0.98,1.9905167712637413,1.9931464834009303
60001,conference_26,26,0.0,0.0009521484374999999,0.00104736328125,1.1,old_unvalidated_claim,"[1, 0]",STRICT_INFEASIBLE,infeasible,,,,False,-8.344266757883552e-05,-8.34492782426474e-05,,49,50,0.98,1.9905167712637413,1.9931464834009303
60001,conference_26,26,0.0,0.0009521484374999999,0.00104736328125,1.1,old_unvalidated_claim,"[1, 1]",STRICT_INFEASIBLE,infeasible,,,,False,-5.9406045725703314e-05,-5.941762379689295e-05,,49,50,0.98,1.9905167712637413,1.9931464834009303
60001,conference_26,26,0.0,0.0009521484374999999,0.00104736328125,1.1,old_unvalidated_claim,"[1, 2]",STRICT_INFEASIBLE,infeasible,,,,False,-8.702018375602307e-05,-8.702024286566712e-05,,49,50,0.98,1.9905167712637413,1.9931464834009303
